DCCA Code,District,Geographical Constituency,Counting Station,801,802,803,804,805,806,807,808,809,Total ,dcca_winner,,,,,
A0101,CENTRAL AND WESTERN DISTRICT,HONG KONG ISLAND,Joint Professional Centre,338,397,474,5,25,168,9,176,143,1735,803,,,,,
A0102,CENTRAL AND WESTERN DISTRICT,HONG KONG ISLAND,Hong Kong Park Sports Centre,253,628,449,11,61,144,8,132,327,2013,802,,,,,
A0201,CENTRAL AND WESTERN DISTRICT,HONG KONG ISLAND,Raimondi College,622,824,953,13,74,228,18,319,348,3399,803,,,,,
A0301,CENTRAL AND WESTERN DISTRICT,HONG KONG ISLAND,Hong Kong True Light Kindergarten (Caine Road),369,536,586,16,31,162,11,221,185,2117,803,,,,,
A0302,CENTRAL AND WESTERN DISTRICT,HONG KONG ISLAND,"Centre for Food Safety (Hospital Road Office), Food and Environmental Hygiene Department",162,213,205,5,20,37,6,82,50,780,802,,,,,
A0401,CENTRAL AND WESTERN DISTRICT,HONG KONG ISLAND,German Swiss International School Peak Campus,66,150,128,1,17,15,1,17,77,472,802,,,,,
A0501,CENTRAL AND WESTERN DISTRICT,HONG KONG ISLAND,Sai Ying Pun Community Complex Community Hall,604,853,1037,10,54,247,26,399,373,3603,803,,,,,
A0601,CENTRAL AND WESTERN DISTRICT,HONG KONG ISLAND,HKYWCA Western District Integrated Social Service Centre,648,1089,1043,30,69,282,31,448,180,3820,802,,,,,
A0701,CENTRAL AND WESTERN DISTRICT,HONG KONG ISLAND,Smithfield Sports Centre,707,1608,1129,27,69,472,49,612,248,4921,802,,,,,
A0801,CENTRAL AND WESTERN DISTRICT,HONG KONG ISLAND,Kennedy Town Community Complex (Multi-purpose Function Room),627,1235,1084,32,59,403,37,532,219,4228,802,,,,,
A0901,CENTRAL AND WESTERN DISTRICT,HONG KONG ISLAND,Victoria (Belcher) Kindergarten,771,1009,1315,24,70,548,31,643,374,4785,803,,,,,
A1001,CENTRAL AND WESTERN DISTRICT,HONG KONG ISLAND,Shek Tong Tsui Sports Centre,753,1133,1319,16,72,841,38,662,317,5151,803,,,,,
A1101,CENTRAL AND WESTERN DISTRICT,HONG KONG ISLAND,Central and Western / Islands Social Security Field Unit,304,690,501,15,35,407,16,291,150,2409,802,,,,,
A1102,CENTRAL AND WESTERN DISTRICT,HONG KONG ISLAND,Sun Yat Sen Memorial Park Sports Centre,166,286,275,5,14,124,11,149,60,1090,802,,,,,
A1201,CENTRAL AND WESTERN DISTRICT,HONG KONG ISLAND,Sheung Wan Post Office,506,643,653,11,47,372,21,321,184,2758,803,,,,,
A1301,CENTRAL AND WESTERN DISTRICT,HONG KONG ISLAND,San Wui Commercial Society School,183,295,252,6,12,66,5,116,50,985,802,,,,,
A1302,CENTRAL AND WESTERN DISTRICT,HONG KONG ISLAND,SKH St. Matthew's Primary School,346,633,616,8,48,240,18,287,130,2326,802,,,,,
A1401,CENTRAL AND WESTERN DISTRICT,HONG KONG ISLAND,Tsung Tsin Mission of Hong Kong Kau Yan Church and Kau Yan School,607,694,925,14,69,434,29,460,201,3433,803,,,,,
A1501,CENTRAL AND WESTERN DISTRICT,HONG KONG ISLAND,Li Sing Primary School,470,645,704,22,52,270,23,386,180,2752,803,,,,,
B0101,WAN CHAI DISTRICT,HONG KONG ISLAND,Hennessy Road Government Primary School,409,604,649,13,48,361,18,326,179,2607,803,,,,,
B0201,WAN CHAI DISTRICT,HONG KONG ISLAND,Tang Shiu Kin Victoria Government Secondary School,373,647,602,7,36,259,24,346,145,2439,802,,,,,
B0301,WAN CHAI DISTRICT,HONG KONG ISLAND,Former Wanchai School,510,871,864,13,88,346,25,357,240,3314,802,,,,,
B0401,WAN CHAI DISTRICT,HONG KONG ISLAND,Queen's College,633,866,1009,17,79,533,22,531,287,3977,803,,,,,
B0501,WAN CHAI DISTRICT,HONG KONG ISLAND,Island Children's Montessori School,117,161,211,5,9,59,3,80,63,708,803,,,,,
B0502,WAN CHAI DISTRICT,HONG KONG ISLAND,"Covered Carpark of Tsuen Wing Lau, Lai Tak Tsuen",394,496,484,11,28,496,32,295,114,2350,802,,,,,
B0601,WAN CHAI DISTRICT,HONG KONG ISLAND,"Wan Chai District Arts, Cultural, Recreational & Sports Association",395,442,505,13,32,298,11,271,181,2148,803,,,,,
B0701,WAN CHAI DISTRICT,HONG KONG ISLAND,Wan Chai District Women's Association,500,598,806,14,45,256,25,369,207,2820,803,,,,,
B0801,WAN CHAI DISTRICT,HONG KONG ISLAND,CCC Kung Lee College,403,783,619,13,57,196,8,206,432,2717,802,,,,,
B0901,WAN CHAI DISTRICT,HONG KONG ISLAND,Leighton Hill Community Hall,381,680,707,10,55,197,12,278,353,2673,803,,,,,
B1001,WAN CHAI DISTRICT,HONG KONG ISLAND,Wong Nai Chung Sports Centre,412,659,666,15,77,163,8,298,182,2480,803,,,,,
B1101,WAN CHAI DISTRICT,HONG KONG ISLAND,Precious Blood Primary School,94,145,124,1,19,37,1,54,66,541,802,,,,,
B1102,WAN CHAI DISTRICT,HONG KONG ISLAND,Hong Kong Children & Youth Services Sing Woo Children & Youth Centre,99,243,169,2,16,49,1,46,81,706,802,,,,,
B1201,WAN CHAI DISTRICT,HONG KONG ISLAND,Wan Chai Post Office,370,564,639,14,47,222,21,276,171,2324,803,,,,,
B1301,WAN CHAI DISTRICT,HONG KONG ISLAND,Methodist Centre,315,764,596,15,38,168,24,305,136,2361,802,,,,,
C0101,EASTERN DISTRICT,HONG KONG ISLAND,Eastern District JPC Club House,880,788,1258,10,46,331,18,544,384,4259,803,,,,,
C0201,EASTERN DISTRICT,HONG KONG ISLAND,St. Anna Anglo-Chinese Kindergarten,471,510,784,12,29,210,13,403,214,2646,803,,,,,
C0202,EASTERN DISTRICT,HONG KONG ISLAND,Tai Koo Shing Post Office,452,577,727,14,39,203,11,314,220,2557,803,,,,,
C0301,EASTERN DISTRICT,HONG KONG ISLAND,Sai Wan Ho Health Centre,690,718,986,17,53,408,17,504,291,3684,803,,,,,
C0401,EASTERN DISTRICT,HONG KONG ISLAND,CCC Kei Wan Primary School (Aldrich Bay),978,1431,1343,40,88,950,64,754,325,5973,802,,,,,
C0501,EASTERN DISTRICT,HONG KONG ISLAND,Shau Kei Wan Post Office,481,655,813,33,55,380,26,487,178,3108,803,,,,,
C0601,EASTERN DISTRICT,HONG KONG ISLAND,Aldrich Bay Government Primary School,496,648,763,17,61,458,24,452,181,3100,803,,,,,
C0602,EASTERN DISTRICT,HONG KONG ISLAND,Shau Kei Wan Government Primary School,463,609,649,23,56,628,18,447,155,3048,803,,,,,
C0701,EASTERN DISTRICT,HONG KONG ISLAND,Lingnan Secondary School,1133,1000,1790,34,98,972,40,855,530,6452,803,,,,,
C0801,EASTERN DISTRICT,HONG KONG ISLAND,SKH Li Fook Hing Secondary School,498,947,788,27,58,804,38,593,550,4303,802,,,,,
C0901,EASTERN DISTRICT,HONG KONG ISLAND,Fukien Secondary School (Siu Sai Wan),837,936,1417,31,72,800,29,659,388,5169,803,,,,,
C1001,EASTERN DISTRICT,HONG KONG ISLAND,Siu Sai Wan Community Hall,677,708,1202,50,84,1606,44,785,221,5377,806,,,,,
C1101,EASTERN DISTRICT,HONG KONG ISLAND,Lingnan Hang Yee Memorial Secondary School,993,914,1595,41,102,1400,57,901,360,6363,803,,,,,
C1201,EASTERN DISTRICT,HONG KONG ISLAND,The Salvation Army Centaline Charity Fund School,547,972,923,39,94,634,63,635,277,4184,802,,,,,
C1301,EASTERN DISTRICT,HONG KONG ISLAND,Cognitio College (Hong Kong),601,918,948,30,114,957,48,599,190,4405,806,,,,,
C1401,EASTERN DISTRICT,HONG KONG ISLAND,Quarry Bay Sports Centre,784,1411,1208,30,65,824,39,609,287,5257,802,,,,,
C1501,EASTERN DISTRICT,HONG KONG ISLAND,Man Kiu College,526,910,897,21,61,290,20,332,419,3476,802,,,,,
C1601,EASTERN DISTRICT,HONG KONG ISLAND,Clementi Secondary School,556,702,912,17,58,389,15,421,237,3307,803,,,,,
C1701,EASTERN DISTRICT,HONG KONG ISLAND,Causeway Bay Community Centre,343,391,513,10,30,499,13,274,133,2206,803,,,,,
C1801,EASTERN DISTRICT,HONG KONG ISLAND,Java Road Sports Centre,528,797,953,26,66,1735,35,487,322,4949,806,,,,,
C1802,EASTERN DISTRICT,HONG KONG ISLAND,Henrietta Secondary School,934,1077,1639,32,100,1856,41,741,533,6953,806,,,,,
C1901,EASTERN DISTRICT,HONG KONG ISLAND,North Point Methodist Primary School,348,541,691,9,48,480,10,352,200,2679,803,,,,,
C2001,EASTERN DISTRICT,HONG KONG ISLAND,HKPA Jockey Club North Point Island Place Integrated Service Centre for Children and Youth,355,350,447,3,29,268,14,228,132,1826,803,,,,,
C2101,EASTERN DISTRICT,HONG KONG ISLAND,Chan's Creative School (Hong Kong Island),828,888,1318,30,93,982,31,692,327,5189,803,,,,,
C2201,EASTERN DISTRICT,HONG KONG ISLAND,"Chinese Methodist School, Tanner Hill",439,560,610,15,38,418,16,345,169,2610,803,,,,,
C2301,EASTERN DISTRICT,HONG KONG ISLAND,North Point Government Primary School,509,796,799,15,47,428,29,426,224,3273,803,,,,,
C2401,EASTERN DISTRICT,HONG KONG ISLAND,Quarry Bay Community Hall,953,1082,1369,21,81,491,32,632,304,4965,803,,,,,
C2501,EASTERN DISTRICT,HONG KONG ISLAND,Buddhist Chung Wah Kornhill Primary School,590,719,898,13,82,270,17,412,248,3249,803,,,,,
C2601,EASTERN DISTRICT,HONG KONG ISLAND,Taikoo Primary School,1006,1106,1586,24,133,529,25,707,443,5559,803,,,,,
C2701,EASTERN DISTRICT,HONG KONG ISLAND,Ching Chung Hing Tung Kindergarten,485,423,723,21,54,1006,31,502,122,3367,806,,,,,
C2702,EASTERN DISTRICT,HONG KONG ISLAND,Islamic Abu Bakar Chui Memorial Kindergarten,578,510,804,25,56,682,33,505,186,3379,803,,,,,
C2801,EASTERN DISTRICT,HONG KONG ISLAND,Sai Wan Ho Sports Centre,1011,1122,1506,36,125,1055,59,1007,312,6233,803,,,,,
C2901,EASTERN DISTRICT,HONG KONG ISLAND,The Endeavourers Leung Lee Sau Yu Memorial Primary School,493,799,877,46,65,746,35,583,212,3856,803,,,,,
C2902,EASTERN DISTRICT,HONG KONG ISLAND,Shau Kei Wan Kai-fong Welfare Advancement Association Ltd.,332,412,579,11,37,292,21,330,124,2138,803,,,,,
C3001,EASTERN DISTRICT,HONG KONG ISLAND,"Methodist Epworth Village Community Centre, Social Welfare - Epworth Integrated Youth Team (Yiu Tung Base)",351,389,647,19,37,1022,32,439,106,3042,806,,,,,
C3101,EASTERN DISTRICT,HONG KONG ISLAND,Lutheran Philip House Hing Man Nursery School,337,669,531,20,36,348,38,351,112,2442,802,,,,,
C3102,EASTERN DISTRICT,HONG KONG ISLAND,St. James Lutheran Kindergarten,287,728,525,28,46,446,24,331,125,2540,802,,,,,
C3201,EASTERN DISTRICT,HONG KONG ISLAND,Meng Tak Catholic School,598,670,966,12,56,567,29,564,246,3708,803,,,,,
C3301,EASTERN DISTRICT,HONG KONG ISLAND,Chai Wan Maternal and Child Health Centre,371,461,640,13,45,331,19,345,200,2425,803,,,,,
C3401,EASTERN DISTRICT,HONG KONG ISLAND,Yue Wan Community Hall,1005,1476,1569,45,98,1075,61,977,477,6783,803,,,,,
C3501,EASTERN DISTRICT,HONG KONG ISLAND,Chinese YMCA of Hong Kong - Chai Wan Centre,429,589,700,24,42,695,43,524,186,3232,803,,,,,
D0101,SOUTHERN DISTRICT,HONG KONG ISLAND,Aberdeen Sports Centre,878,1067,1530,32,108,773,41,844,336,5609,803,,,,,
D0201,SOUTHERN DISTRICT,HONG KONG ISLAND,Ap Lei Chau Community Hall,506,1347,846,37,64,521,43,526,95,3985,802,,,,,
D0301,SOUTHERN DISTRICT,HONG KONG ISLAND,Ap Lei Chau Sports Centre,515,570,891,27,63,466,32,542,151,3257,803,,,,,
D0401,SOUTHERN DISTRICT,HONG KONG ISLAND,St. Peter's Catholic Primary School,906,1010,1491,30,66,663,44,684,183,5077,803,,,,,
D0501,SOUTHERN DISTRICT,HONG KONG ISLAND,Lei Tung Community Hall,786,953,1152,20,65,642,21,452,139,4230,803,,,,,
D0601,SOUTHERN DISTRICT,HONG KONG ISLAND,Hong Kong Southern District Government Primary School,784,1105,1294,19,76,374,25,554,375,4606,803,,,,,
D0701,SOUTHERN DISTRICT,HONG KONG ISLAND,South Horizons Neighbourhood Community Centre,794,1176,1502,24,91,371,31,617,468,5074,803,,,,,
D0801,SOUTHERN DISTRICT,HONG KONG ISLAND,Wah Kwai Community Hall,914,1428,1395,34,82,579,54,716,189,5391,802,,,,,
D0901,SOUTHERN DISTRICT,HONG KONG ISLAND,Caritas Chong Yuet Ming Secondary School,620,845,783,27,33,703,46,403,90,3550,802,,,,,
D1001,SOUTHERN DISTRICT,HONG KONG ISLAND,TWGHs Hok Shan School,638,986,1037,36,62,592,34,495,107,3987,803,,,,,
D1101,SOUTHERN DISTRICT,HONG KONG ISLAND,Sassoon Road Assembly Hall,90,106,168,4,23,25,4,58,50,528,803,,,,,
D1102,SOUTHERN DISTRICT,HONG KONG ISLAND,Playground of Upper Baguio Villa,177,262,324,5,30,63,10,87,120,1078,803,,,,,
D1103,SOUTHERN DISTRICT,HONG KONG ISLAND,Cyberport Post Office,147,276,309,1,18,86,5,79,156,1077,803,,,,,
D1201,SOUTHERN DISTRICT,HONG KONG ISLAND,Shine Skills Centre (Pokfulam),51,60,68,4,6,47,1,38,19,294,803,,,,,
D1202,SOUTHERN DISTRICT,HONG KONG ISLAND,Chi Fu Community Hall,849,956,1347,32,73,395,25,706,302,4685,803,,,,,
D1301,SOUTHERN DISTRICT,HONG KONG ISLAND,Caritas Jockey Club Aberdeen Social Centre,166,220,302,10,26,152,15,188,42,1121,803,,,,,
D1302,SOUTHERN DISTRICT,HONG KONG ISLAND,SKH Tin Wan Chi Nam Primary School,440,773,750,29,46,433,36,483,114,3104,802,,,,,
D1401,SOUTHERN DISTRICT,HONG KONG ISLAND,Aberdeen St. Peter's Catholic Primary School,634,1532,1178,23,101,821,65,739,127,5220,802,,,,,
D1501,SOUTHERN DISTRICT,HONG KONG ISLAND,Aberdeen Tennis and Squash Centre,206,253,366,11,26,282,12,193,47,1396,803,,,,,
D1502,SOUTHERN DISTRICT,HONG KONG ISLAND,Southern District Elderly Community Centre,655,485,862,21,51,743,22,410,207,3456,803,,,,,
D1601,SOUTHERN DISTRICT,HONG KONG ISLAND,Wong Chuk Hang Sports Centre,92,231,146,3,28,57,0,60,94,711,802,,,,,
D1602,SOUTHERN DISTRICT,HONG KONG ISLAND,Hong Kong International School,107,277,171,0,34,35,7,51,149,831,802,,,,,
D1701,SOUTHERN DISTRICT,HONG KONG ISLAND,Stanley Community Hall,405,930,670,21,57,393,32,353,180,3041,802,,,,,
D1702,SOUTHERN DISTRICT,HONG KONG ISLAND,Medical Clinic of Shek O Health Centre,63,210,149,2,10,125,7,90,28,684,802,,,,,
E0101,YAU TSIM MONG DISTRICT, KOWLOON WEST,Yan Oi Tong Chan Cheng Yuk Yee Kindergarten,258,603,567,7,37,190,7,200,261,2130,802,,,,,
E0201,YAU TSIM MONG DISTRICT, KOWLOON WEST,Kowloon Park Sports Centre,718,1500,1129,27,75,393,33,575,301,4751,802,,,,,
E0401,YAU TSIM MONG DISTRICT, KOWLOON WEST,Henry G. Leong Yaumatei Community Centre,539,1149,870,54,60,335,38,501,199,3745,802,,,,,
E0501,YAU TSIM MONG DISTRICT, KOWLOON WEST,Yaumati Catholic Primary School (Hoi Wang Road),1334,1675,1720,47,80,526,43,995,461,6881,803,,,,,
E0601,YAU TSIM MONG DISTRICT, KOWLOON WEST,Mong Kok Community Hall,395,467,585,27,22,380,18,392,130,2416,803,,,,,
E0701,YAU TSIM MONG DISTRICT, KOWLOON WEST,Dominic Savio Kindergarten (Olympic Branch),429,691,585,37,53,561,17,382,110,2865,802,,,,,
E0801,YAU TSIM MONG DISTRICT, KOWLOON WEST,Hong Kong Society for the Protection of Children BOC Nursery School,654,553,732,14,22,247,10,265,273,2770,803,,,,,
E0901,YAU TSIM MONG DISTRICT, KOWLOON WEST,Sharon Lutheran School,435,530,661,19,22,644,20,346,152,2829,803,,,,,
E1001,YAU TSIM MONG DISTRICT, KOWLOON WEST,Tai Kok Tsui Catholic Primary School,573,988,739,25,42,387,34,450,143,3381,802,,,,,
E1101,YAU TSIM MONG DISTRICT, KOWLOON WEST,CCC Kei Tsun Primary School,622,1335,826,34,39,431,29,493,312,4121,802,,,,,
E1201,YAU TSIM MONG DISTRICT, KOWLOON WEST,Fresh Fish Traders' School,605,667,902,30,25,472,29,569,232,3531,803,,,,,
E1301,YAU TSIM MONG DISTRICT, KOWLOON WEST,SKH Kei Wing Primary School,455,595,711,25,30,524,23,356,159,2878,803,,,,,
E1401,YAU TSIM MONG DISTRICT, KOWLOON WEST,Boundary Street Sports Centre No. 1,548,528,836,17,32,483,18,386,201,3049,803,,,,,
E1501,YAU TSIM MONG DISTRICT, KOWLOON WEST,G.T. (Ellen Yeung) College,444,480,619,16,28,341,19,359,185,2491,803,,,,,
E1601,YAU TSIM MONG DISTRICT, KOWLOON WEST,TWGHs Lo Yu Chik Primary School,369,507,665,48,23,305,21,402,132,2472,803,,,,,
E1701,YAU TSIM MONG DISTRICT, KOWLOON WEST,Yaumati Kaifong Association School,197,342,382,16,20,135,3,157,175,1427,803,,,,,
E1702,YAU TSIM MONG DISTRICT, KOWLOON WEST,PolyU Hung Hom Bay Campus,40,54,69,0,7,19,1,25,21,236,803,,,,,
E1901,YAU TSIM MONG DISTRICT, KOWLOON WEST,Jordan Road Government Primary School,797,1657,1058,50,60,445,28,590,198,4883,802,,,,,
F0101,SHAM SHUI PO DISTRICT, KOWLOON WEST,Po On Road Sports Centre,566,859,994,116,44,538,20,576,203,3916,803,,,,,
F0201,SHAM SHUI PO DISTRICT, KOWLOON WEST,Fuk Wing Street Government Primary School,573,703,1057,63,44,433,27,603,180,3683,803,,,,,
F0301,SHAM SHUI PO DISTRICT, KOWLOON WEST,Ying Wa Girls' School,389,829,647,69,28,332,27,371,128,2820,802,,,,,
F0401,SHAM SHUI PO DISTRICT, KOWLOON WEST,Shek Kip Mei Community Hall,712,1103,991,301,53,1186,35,683,196,5260,806,,,,,
F0501,SHAM SHUI PO DISTRICT, KOWLOON WEST,Tsung Tsin Mission of Hong Kong On Hong Nursery School,396,786,801,312,23,290,24,432,139,3203,803,,,,,
F0601,SHAM SHUI PO DISTRICT, KOWLOON WEST,Shamshuipo Kaifong Welfare Advancement Association,447,678,784,60,38,379,29,420,167,3002,803,,,,,
F0701,SHAM SHUI PO DISTRICT, KOWLOON WEST,Pei Ho Street Sports Centre,275,827,436,43,23,248,16,296,77,2241,802,,,,,
F0801,SHAM SHUI PO DISTRICT, KOWLOON WEST,Nam Cheong District Community Centre,575,746,808,163,39,507,30,525,164,3557,803,,,,,
F0901,SHAM SHUI PO DISTRICT, KOWLOON WEST,Ying Wa College,608,1097,1101,275,79,1335,60,811,180,5546,806,,,,,
F1001,SHAM SHUI PO DISTRICT, KOWLOON WEST,Lai Kok Community Hall,717,710,962,176,42,1134,20,654,189,4604,806,,,,,
F1101,SHAM SHUI PO DISTRICT, KOWLOON WEST,Hoi Ping Chamber of Commerce Primary School,386,1015,710,145,27,327,22,390,151,3173,802,,,,,
F1201,SHAM SHUI PO DISTRICT, KOWLOON WEST,SKH St. Mary's Church Mok Hing Yiu College,671,1507,1422,467,54,532,38,844,286,5821,802,,,,,
F1301,SHAM SHUI PO DISTRICT, KOWLOON WEST,Mei Foo Sun Chuen Community Centre,700,1305,1191,20,61,356,18,566,378,4595,802,,,,,
F1401,SHAM SHUI PO DISTRICT, KOWLOON WEST,POH Mei Foo Lai Wan Kaifong Association Mr. and Mrs. Leung Chi Chim Elderly Health Support and Learning Centre,669,979,1089,27,67,335,18,565,242,3991,803,,,,,
F1501,SHAM SHUI PO DISTRICT, KOWLOON WEST,Lai Chi Kok Park Sports Centre,704,1039,1187,30,63,377,22,660,346,4428,803,,,,,
F1601,SHAM SHUI PO DISTRICT, KOWLOON WEST,Lai Chi Kok Community Hall,687,817,1338,34,61,382,23,642,409,4393,803,,,,,
F1701,SHAM SHUI PO DISTRICT, KOWLOON WEST,Five Districts Business Welfare Association School,355,487,529,71,24,323,18,390,144,2341,803,,,,,
F1801,SHAM SHUI PO DISTRICT, KOWLOON WEST,Cheung Sha Wan Sports Centre,731,1957,1014,140,55,482,44,715,142,5280,802,,,,,
F1901,SHAM SHUI PO DISTRICT, KOWLOON WEST,Cheung Sha Wan Community Centre,777,732,1113,214,49,868,28,696,157,4634,803,,,,,
F2001,SHAM SHUI PO DISTRICT, KOWLOON WEST,Pak Tin Community Hall,529,709,752,115,43,727,35,612,115,3637,803,,,,,
F2101,SHAM SHUI PO DISTRICT, KOWLOON WEST,Our Lady of The Rosary College,439,616,838,22,50,243,18,360,313,2899,803,,,,,
F2201,SHAM SHUI PO DISTRICT, KOWLOON WEST,Tai Hang Tung Community Centre,739,787,926,334,53,788,25,637,162,4451,803,,,,,
F2301,SHAM SHUI PO DISTRICT, KOWLOON WEST,Pak Tin Catholic Primary School,304,324,415,77,12,444,14,296,52,1938,806,,,,,
F2302,SHAM SHUI PO DISTRICT, KOWLOON WEST,"Chak On Centre, City University of Hong Kong",297,419,559,106,29,403,31,272,159,2275,803,,,,,
G0101,KOWLOON CITY DISTRICT, KOWLOON WEST,Ma Tau Chung Government Primary School,653,1295,1128,143,56,502,33,648,213,4671,802,,,,,
G0201,KOWLOON CITY DISTRICT, KOWLOON WEST,To Kwa Wan Sports Centre,849,1771,1574,76,66,987,48,889,371,6631,802,,,,,
G0301,KOWLOON CITY DISTRICT, KOWLOON WEST,PLK Lam Man Chan English Primary School,643,1313,1116,70,48,711,50,622,231,4804,802,,,,,
G0401,KOWLOON CITY DISTRICT, KOWLOON WEST,St. Eugene de Mazenod Oblate Primary School,629,786,933,39,56,1136,30,547,203,4359,806,,,,,
G0501,KOWLOON CITY DISTRICT, KOWLOON WEST,St. Monica's Kindergarten,379,861,582,166,54,224,22,353,113,2754,802,,,,,
G0502,KOWLOON CITY DISTRICT, KOWLOON WEST,YMMSS Homantin Integrated Centre for Youth Development,281,728,600,167,25,196,18,290,64,2369,802,,,,,
G0601,KOWLOON CITY DISTRICT, KOWLOON WEST,Yu Chun Keung Memorial College,424,725,800,25,51,241,20,364,283,2933,803,,,,,
G0602,KOWLOON CITY DISTRICT, KOWLOON WEST,Homantin Government Secondary School,217,336,407,12,23,163,8,178,150,1494,803,,,,,
G0701,KOWLOON CITY DISTRICT, KOWLOON WEST,Caritas Community Centre - Kowloon,213,346,412,16,25,137,8,173,169,1499,803,,,,,
G0702,KOWLOON CITY DISTRICT, KOWLOON WEST,Kowloon Chamber of Commerce,358,456,815,32,38,235,12,376,157,2479,803,,,,,
G0801,KOWLOON CITY DISTRICT, KOWLOON WEST,Jockey Club Government Secondary School,388,686,817,27,37,242,15,331,262,2805,803,,,,,
G0901,KOWLOON CITY DISTRICT, KOWLOON WEST,Kowloon Tong Government Primary School,377,691,764,9,41,267,15,371,303,2838,803,,,,,
G0902,KOWLOON CITY DISTRICT, KOWLOON WEST,Kowloon Funful Kindergarten & Children's Corner,57,146,91,1,6,53,2,27,61,444,802,,,,,
G1001,KOWLOON CITY DISTRICT, KOWLOON WEST,Kowloon City Sports Centre,340,847,622,30,25,164,23,378,133,2562,802,,,,,
G1101,KOWLOON CITY DISTRICT, KOWLOON WEST,Holy Trinity Primary School,418,557,814,97,39,588,20,381,166,3080,803,,,,,
G1201,KOWLOON CITY DISTRICT, KOWLOON WEST,PLK Wan Lam May Yin Shirley Neighborhood Elderly Centre,264,747,461,40,32,521,24,341,147,2577,802,,,,,
G1301,KOWLOON CITY DISTRICT, KOWLOON WEST,Buddhist Mr. & Mrs. Chan Chart Man Kindergarten,397,1141,731,53,41,824,42,490,247,3966,802,,,,,
G1501,KOWLOON CITY DISTRICT, KOWLOON WEST,ELCHK Hung Hom Lutheran Primary School,255,1168,420,15,31,288,21,232,82,2512,802,,,,,
G1601,KOWLOON CITY DISTRICT, KOWLOON WEST,CCC Kei To Secondary School,376,617,760,25,20,479,18,341,133,2769,803,,,,,
G1701,KOWLOON CITY DISTRICT, KOWLOON WEST,POH Mrs. Yam Wing Yin Kindergarten Day Nursery,343,535,633,12,20,257,17,236,215,2268,803,,,,,
G1702,KOWLOON CITY DISTRICT, KOWLOON WEST,Hung Hom Community Hall,324,462,593,23,22,299,16,305,127,2171,803,,,,,
G1801,KOWLOON CITY DISTRICT, KOWLOON WEST,GCE Past Students' Association Whampoa Primary School,902,1239,1555,57,76,617,30,764,454,5694,803,,,,,
G1901,KOWLOON CITY DISTRICT, KOWLOON WEST,Ma Tau Chung Government Primary School (Hung Hom Bay),238,350,455,13,27,118,11,240,176,1628,803,,,,,
G1902,KOWLOON CITY DISTRICT, KOWLOON WEST,Hong Kong Children & Youth Services Jockey Club Fong Shu Chuen Integrated Children and Youth Services Centre,295,407,502,10,23,213,16,255,119,1840,803,,,,,
G2001,KOWLOON CITY DISTRICT, KOWLOON WEST,SKH Holy Carpenter Secondary School,733,1065,1297,53,67,885,26,694,336,5156,803,,,,,
G2101,KOWLOON CITY DISTRICT, KOWLOON WEST,Hung Hom Municipal Services Building Sports Centre,546,1226,764,75,51,581,22,510,193,3968,802,,,,,
G2201,KOWLOON CITY DISTRICT, KOWLOON WEST,Aoi Pui School,469,689,760,29,27,385,27,457,138,2981,803,,,,,
G2301,KOWLOON CITY DISTRICT, KOWLOON WEST,Ho Man Tin Sports Centre,533,1033,965,31,44,459,24,462,128,3679,802,,,,,
G2401,KOWLOON CITY DISTRICT, KOWLOON WEST,Martha Boss Lutheran Community Centre,875,1252,1499,49,66,675,41,730,275,5462,803,,,,,
H0101,WONG TAI SIN DISTRICT, KOWLOON EAST,Wong Tai Sin Community Centre,659,1229,1460,50,80,1082,58,824,437,5879,803,,,,,
H0201,WONG TAI SIN DISTRICT, KOWLOON EAST,SKH Kei Tak Primary School,717,988,1404,31,59,633,32,798,264,4926,803,,,,,
H0301,WONG TAI SIN DISTRICT, KOWLOON EAST,Lung Cheung Government Secondary School,421,496,763,22,51,1062,30,465,122,3432,806,,,,,
H0401,WONG TAI SIN DISTRICT, KOWLOON EAST,Sik Sik Yuen Clinic,419,732,974,24,52,320,31,537,199,3288,803,,,,,
H0501,WONG TAI SIN DISTRICT, KOWLOON EAST,Fung Tak Estate Community Centre,797,1671,1560,46,89,573,50,830,250,5866,802,,,,,
H0601,WONG TAI SIN DISTRICT, KOWLOON EAST,The Boys' & Girls' Clubs Association of Hong Kong Jockey Club Tsz Wan Shan Children & Youth Integrated Services Centre,538,797,1001,25,59,401,34,585,189,3629,803,,,,,
H0602,WONG TAI SIN DISTRICT, KOWLOON EAST,PLK Mrs. Maria Cheung Lifelong Learning Institute for the Senior,347,430,708,7,33,150,18,371,192,2256,803,,,,,
H0701,WONG TAI SIN DISTRICT, KOWLOON EAST,Ho Lap College (Sponsored by the Sik Sik Yuen),259,662,553,13,34,286,22,305,138,2272,802,,,,,
H0702,WONG TAI SIN DISTRICT, KOWLOON EAST,Canossa Primary School (San Po Kong),402,861,861,27,42,383,20,503,192,3291,802,,,,,
H0801,WONG TAI SIN DISTRICT, KOWLOON EAST,Tung Tau Community Centre,536,1588,1195,38,76,571,45,626,214,4889,802,,,,,
H0901,WONG TAI SIN DISTRICT, KOWLOON EAST,Bishop Walsh Primary School,309,616,568,44,46,323,22,346,112,2386,802,,,,,
H1001,WONG TAI SIN DISTRICT, KOWLOON EAST,Morse Park Sports Centre,585,1121,1248,55,86,631,48,768,254,4796,803,,,,,
H1101,WONG TAI SIN DISTRICT, KOWLOON EAST,The Hong Kong Federation of Youth Groups Jockey Club Wang Tau Hom Youth S.P.O.T.,322,857,685,24,36,262,32,384,92,2694,802,,,,,
H1102,WONG TAI SIN DISTRICT, KOWLOON EAST,Hong Kong Federation of Handicapped Youth Jockey Club Activity Center,283,811,690,26,59,268,26,356,94,2613,802,,,,,
H1201,WONG TAI SIN DISTRICT, KOWLOON EAST,Price Memorial Catholic Primary School,461,648,977,23,49,407,37,521,216,3339,803,,,,,
H1202,WONG TAI SIN DISTRICT, KOWLOON EAST,Kit Sam Lam Bing Yim Secondary School,334,478,632,13,41,212,24,336,140,2210,803,,,,,
H1301,WONG TAI SIN DISTRICT, KOWLOON EAST,Ho Tak Kindergarten (Sponsored by Sik Sik Yuen),315,426,599,26,37,407,19,351,139,2319,803,,,,,
H1302,WONG TAI SIN DISTRICT, KOWLOON EAST,"Level 5, Tsui Chuk Commercial Complex",500,754,1007,30,45,452,32,582,217,3619,803,,,,,
H1401,WONG TAI SIN DISTRICT, KOWLOON EAST,Chuk Yuen Estate Community Centre,274,458,474,59,31,495,24,282,76,2173,806,,,,,
H1402,WONG TAI SIN DISTRICT, KOWLOON EAST,Baptist Rainbow Primary School,229,329,413,67,27,485,12,305,73,1940,806,,,,,
H1501,WONG TAI SIN DISTRICT, KOWLOON EAST,Chuk Yuen Sports Centre,741,1022,1275,38,73,896,43,778,217,5083,803,,,,,
H1601,WONG TAI SIN DISTRICT, KOWLOON EAST,Tsz Wan Shan (South) Estate Community Centre,637,1724,1532,38,87,549,72,745,225,5609,802,,,,,
H1701,WONG TAI SIN DISTRICT, KOWLOON EAST,Chiu Ha Kindergarten,643,1094,1417,41,84,782,37,770,283,5151,803,,,,,
H1801,WONG TAI SIN DISTRICT, KOWLOON EAST,TWS St. Bonaventure Catholic Primary School,715,1066,1501,48,115,1368,65,888,195,5961,803,,,,,
H1901,WONG TAI SIN DISTRICT, KOWLOON EAST,Tak Oi Secondary School,640,1630,1522,63,82,640,65,967,198,5807,802,,,,,
H2001,WONG TAI SIN DISTRICT, KOWLOON EAST,Hong Kong Sea Cadet Corps,411,430,1043,14,27,459,16,345,129,2874,803,,,,,
H2002,WONG TAI SIN DISTRICT, KOWLOON EAST,Hong Kong Playground Association Jockey Club King Fu Integrated Service Centre For Children & Youth,543,601,1267,21,38,763,33,470,196,3932,803,,,,,
H2101,WONG TAI SIN DISTRICT, KOWLOON EAST,PLK Anita L. L. Chan (Centenary) School,519,1359,1169,30,37,548,39,493,272,4466,802,,,,,
H2201,WONG TAI SIN DISTRICT, KOWLOON EAST,Hong Kong Kindergarten Association Pre-School,405,933,1121,19,36,529,30,403,88,3564,803,,,,,
H2301,WONG TAI SIN DISTRICT, KOWLOON EAST,Choi Wan Estate Community Centre,416,576,941,13,57,1137,27,428,106,3701,806,,,,,
H2401,WONG TAI SIN DISTRICT, KOWLOON EAST,Buddhist Hung Sean Chau Memorial College,450,503,1222,18,44,600,20,516,205,3578,803,,,,,
H2402,WONG TAI SIN DISTRICT, KOWLOON EAST,CCC Kei Wa Primary School,207,215,351,5,18,676,14,194,48,1728,806,,,,,
H2501,WONG TAI SIN DISTRICT, KOWLOON EAST,SKH St. Benedict's School,421,447,903,26,49,1635,35,408,107,4031,806,,,,,
J0101,KWUN TONG DISTRICT, KOWLOON EAST,Kwun Tong Government Primary School,198,474,523,9,24,232,16,290,89,1855,803,,,,,
J0102,KWUN TONG DISTRICT, KOWLOON EAST,Kwun Tong Community Centre,213,372,480,10,21,230,20,225,73,1644,803,,,,,
J0201,KWUN TONG DISTRICT, KOWLOON EAST,Telford Gardens Community Hall,522,890,1082,25,53,352,26,577,569,4096,803,,,,,
J0301,KWUN TONG DISTRICT, KOWLOON EAST,Kai Yip Community Hall,413,1259,788,13,28,281,25,360,109,3276,802,,,,,
J0401,KWUN TONG DISTRICT, KOWLOON EAST,Yan Chai Hospital Law Chan Chor Si College,750,1355,1785,28,139,453,45,837,327,5719,803,,,,,
J0501,KWUN TONG DISTRICT, KOWLOON EAST,Ping Shek Estate Catholic Primary School,442,1388,883,22,52,362,50,479,159,3837,802,,,,,
J0601,KWUN TONG DISTRICT, KOWLOON EAST,Jordan Valley St. Joseph's Catholic Primary School,345,1626,823,33,55,567,50,499,196,4194,802,,,,,
J0701,KWUN TONG DISTRICT, KOWLOON EAST,Hong Kong Christian Service Bliss District Elderly Community Centre,229,1110,505,14,45,315,15,304,102,2639,802,,,,,
J0702,KWUN TONG DISTRICT, KOWLOON EAST,Choi Ha Estate Kit Sam Kindergarten,258,580,546,19,30,173,17,215,74,1912,802,,,,,
J0801,KWUN TONG DISTRICT, KOWLOON EAST,Ning Po No. 2 College,414,1183,1531,28,41,491,31,363,120,4202,803,,,,,
J0901,KWUN TONG DISTRICT, KOWLOON EAST,Shun Lee Estate Community Centre,390,755,856,13,42,437,20,448,131,3092,803,,,,,
J0902,KWUN TONG DISTRICT, KOWLOON EAST,CCC Kei Shun Special School,268,1287,612,15,34,585,21,368,1108,4298,802,,,,,
J1001,KWUN TONG DISTRICT, KOWLOON EAST,Carmel Leung Sing Tak School,400,944,941,22,32,486,36,353,102,3316,802,,,,,
J1101,KWUN TONG DISTRICT, KOWLOON EAST,Sau Mau Ping Catholic Primary School,545,2162,1180,37,80,693,62,637,243,5639,802,,,,,
J1201,KWUN TONG DISTRICT, KOWLOON EAST,The Mission Covenant Church Holm Glad Primary School,474,1228,996,18,53,706,42,541,161,4219,802,,,,,
J1301,KWUN TONG DISTRICT, KOWLOON EAST,Chan Mung Yan Lutheran Kindergarten,472,828,1052,35,54,414,24,524,204,3607,803,,,,,
J1302,KWUN TONG DISTRICT, KOWLOON EAST,CASMP Chen Lee Wing Tsing Kindergarten,410,608,804,20,40,313,15,458,198,2866,803,,,,,
J1401,KWUN TONG DISTRICT, KOWLOON EAST,Kwun Tong Government Primary School (Sau Ming Road),414,1280,838,23,50,661,31,450,180,3927,802,,,,,
J1402,KWUN TONG DISTRICT, KOWLOON EAST,CNEC Kei Shek Church,112,371,247,12,17,159,20,157,45,1140,802,,,,,
J1501,KWUN TONG DISTRICT, KOWLOON EAST,Sau Ming Primary School,399,1653,915,41,60,477,54,536,146,4281,802,,,,,
J1601,KWUN TONG DISTRICT, KOWLOON EAST,St. Edward's Catholic Primary School,537,945,1342,30,73,784,42,601,169,4523,803,,,,,
J1701,KWUN TONG DISTRICT, KOWLOON EAST,St. Paul's School (Lam Tin),175,391,378,9,21,512,13,194,96,1789,806,,,,,
J1702,KWUN TONG DISTRICT, KOWLOON EAST,Fei Ngan Kindergarten,425,597,882,21,54,719,29,527,141,3395,803,,,,,
J1801,KWUN TONG DISTRICT, KOWLOON EAST,Lam Tin (East) Community Hall,574,1687,1169,35,50,454,41,603,161,4774,802,,,,,
J1802,KWUN TONG DISTRICT, KOWLOON EAST,Lam Tin (South) Sports Centre,494,1420,993,39,53,615,32,550,171,4367,802,,,,,
J1901,KWUN TONG DISTRICT, KOWLOON EAST,SKH Lee Shiu Keung Primary School,594,1335,1241,58,87,710,48,790,212,5075,802,,,,,
J2001,KWUN TONG DISTRICT, KOWLOON EAST,SKH Kindly Light Church Holy Carpenter Kindergarten,386,619,805,33,40,494,26,381,183,2967,803,,,,,
J2101,KWUN TONG DISTRICT, KOWLOON EAST,PLK Mrs. Fong Wong Kam Chuen Kindergarten,333,951,790,21,43,431,32,421,279,3301,802,,,,,
J2201,KWUN TONG DISTRICT, KOWLOON EAST,CCC Kei Faat Primary School (Yau Tong),417,1019,1007,40,65,547,42,856,179,4172,802,,,,,
J2301,KWUN TONG DISTRICT, KOWLOON EAST,Yau Tong Community Hall,563,1761,1300,40,69,1048,46,702,639,6168,802,,,,,
J2302,KWUN TONG DISTRICT, KOWLOON EAST,Fukien Secondary School Affiliated School,254,575,522,13,31,504,23,309,464,2695,802,,,,,
J2401,KWUN TONG DISTRICT, KOWLOON EAST,Po Chiu Catholic Secondary School,436,917,784,31,55,872,38,483,152,3768,802,,,,,
J2402,KWUN TONG DISTRICT, KOWLOON EAST,Lei Yue Mun Sports Centre,61,130,129,2,10,57,6,62,37,494,802,,,,,
J2501,KWUN TONG DISTRICT, KOWLOON EAST,Sai Tso Wan Neighbourhood Community Centre,999,1225,1992,23,108,454,33,1010,633,6477,803,,,,,
J2601,KWUN TONG DISTRICT, KOWLOON EAST,Lam Tin (West) Estate Community Centre,829,1113,1975,37,84,547,37,923,428,5973,803,,,,,
J2701,KWUN TONG DISTRICT, KOWLOON EAST,Our Lady of China Catholic Primary School,668,1390,1328,32,80,798,43,785,226,5350,802,,,,,
J2801,KWUN TONG DISTRICT, KOWLOON EAST,Kwun Tong Maryknoll College,545,790,1372,20,49,678,34,580,196,4264,803,,,,,
J2901,KWUN TONG DISTRICT, KOWLOON EAST,Delia Memorial School (Yuet Wah),503,1029,1044,19,58,397,29,493,219,3791,803,,,,,
J3001,KWUN TONG DISTRICT, KOWLOON EAST,Shui Wo Street Sports Centre,239,597,440,14,27,306,24,252,95,1994,802,,,,,
J3002,KWUN TONG DISTRICT, KOWLOON EAST,Hiu Kwong Street Sports Centre,280,414,598,14,28,280,17,288,121,2040,803,,,,,
J3101,KWUN TONG DISTRICT, KOWLOON EAST,Kwun Tong Kung Lok Government Secondary School,482,775,1115,32,53,481,37,545,284,3804,803,,,,,
J3201,KWUN TONG DISTRICT, KOWLOON EAST,SKH Kei Hin Primary School,490,1045,1328,27,49,593,32,449,202,4215,803,,,,,
J3301,KWUN TONG DISTRICT, KOWLOON EAST,Kwun Tong Methodist Social Service Ngau Tau Kok Youth Integrated Service Centre,516,1514,868,27,60,471,46,511,150,4163,802,,,,,
J3401,KWUN TONG DISTRICT, KOWLOON EAST,Chun Wah Road Sports Centre,189,293,341,3,23,139,13,196,74,1271,803,,,,,
J3402,KWUN TONG DISTRICT, KOWLOON EAST,PLK Koo Bin Kau Lee Day Care Centre for the Elderly,433,1276,909,22,64,418,35,430,147,3734,802,,,,,
J3501,KWUN TONG DISTRICT, KOWLOON EAST,"The Hall, Cheerful Court",628,858,1456,20,70,453,28,799,276,4588,803,,,,,
J3601,KWUN TONG DISTRICT, KOWLOON EAST,SKH Kei Lok Primary School,502,745,838,40,36,904,43,500,152,3760,806,,,,,
J3701,KWUN TONG DISTRICT, KOWLOON EAST,Lok Wah Estate Community Centre,408,874,589,24,47,991,30,361,292,3616,806,,,,,
K0101,TSUEN WAN DISTRICT, NEW TERRITORIES WEST,Princess Alexandra Community Centre,249,272,611,10,54,240,24,486,648,2594,809,,,,,
K0201,TSUEN WAN DISTRICT, NEW TERRITORIES WEST,Tsuen Wan Catholic Primary School,232,249,636,5,36,266,18,663,789,2894,809,,,,,
K0301,TSUEN WAN DISTRICT, NEW TERRITORIES WEST,Shak Chung Shan Memorial Catholic Primary School,776,738,1904,59,100,522,43,1436,1485,7063,803,,,,,
K0401,TSUEN WAN DISTRICT, NEW TERRITORIES WEST,POCA Wong Siu Ching Secondary School,410,329,851,29,45,364,22,676,1172,3898,809,,,,,
K0501,TSUEN WAN DISTRICT, NEW TERRITORIES WEST,Tsuen Wan Government Secondary School,334,240,742,24,52,1275,22,730,425,3844,806,,,,,
K0601,TSUEN WAN DISTRICT, NEW TERRITORIES WEST,Tsuen King Circuit Sports Centre,701,812,1640,37,98,489,54,1243,905,5979,803,,,,,
K0701,TSUEN WAN DISTRICT, NEW TERRITORIES WEST,Chai Wan Kok Catholic Primary School,509,411,1619,40,78,372,47,1083,1261,5420,803,,,,,
K0801,TSUEN WAN DISTRICT, NEW TERRITORIES WEST,CCC Kei Wai Primary School,281,276,867,24,60,215,21,667,779,3190,803,,,,,
K0901,TSUEN WAN DISTRICT, NEW TERRITORIES WEST,Tsuen Wan Government Primary School ,625,564,1665,37,95,445,48,1131,1258,5868,803,,,,,
K1001,TSUEN WAN DISTRICT, NEW TERRITORIES WEST,Sham Tseng Catholic Primary School,758,847,1948,49,126,458,56,1186,1269,6697,803,,,,,
K1101,TSUEN WAN DISTRICT, NEW TERRITORIES WEST,Hong Kong Baptist Convention Primary School,519,464,1427,27,78,296,38,916,1150,4915,803,,,,,
K1102,TSUEN WAN DISTRICT, NEW TERRITORIES WEST,"St. Francis Xavier's School, Tsuen Wan",282,282,780,27,48,229,24,567,833,3072,809,,,,,
K1201,TSUEN WAN DISTRICT, NEW TERRITORIES WEST,Former Site of Oceanic English Kindergarten,85,136,273,5,12,89,11,166,201,978,803,,,,,
K1202,TSUEN WAN DISTRICT, NEW TERRITORIES WEST,Hongkong Garden Club Ltd.,199,238,452,11,27,128,12,265,327,1659,803,,,,,
K1301,TSUEN WAN DISTRICT, NEW TERRITORIES WEST,CCC Kei Wai Primary School (Ma Wan),389,366,991,24,51,184,54,928,514,3501,803,,,,,
K1401,TSUEN WAN DISTRICT, NEW TERRITORIES WEST,Wai Tsuen Sports Centre,503,609,1472,19,77,502,58,1251,1369,5860,803,,,,,
K1501,TSUEN WAN DISTRICT, NEW TERRITORIES WEST,Lei Muk Shue Community Hall,231,317,807,24,731,344,27,701,745,3927,803,,,,,
K1502,TSUEN WAN DISTRICT, NEW TERRITORIES WEST,Ho Pui Tsuen Village Office,91,114,307,7,52,97,9,175,221,1073,803,,,,,
K1601,TSUEN WAN DISTRICT, NEW TERRITORIES WEST,Lei Muk Shue Catholic Primary School,311,335,996,15,608,536,29,885,840,4555,803,,,,,
K1701,TSUEN WAN DISTRICT, NEW TERRITORIES WEST,HKTA YYI Shek Wai Kok Primary School,244,236,526,20,54,406,18,596,895,2995,809,,,,,
K1801,TSUEN WAN DISTRICT, NEW TERRITORIES WEST,Former Tsuen Wan Lutheran School,166,175,372,15,31,175,19,398,602,1953,809,,,,,
K1802,TSUEN WAN DISTRICT, NEW TERRITORIES WEST,Tsuen Wan Public Ho Chuen Yiu Memorial College,189,178,495,9,60,253,20,489,687,2380,809,,,,,
L0101,TUEN MUN DISTRICT, NEW TERRITORIES WEST,Tuen Mun Town Centre Community Hall,217,202,606,22,26,178,12,392,336,1991,803,,,,,
L0102,TUEN MUN DISTRICT, NEW TERRITORIES WEST,Castle Peak Catholic Primary School,124,141,366,9,9,115,14,203,281,1262,803,,,,,
L0201,TUEN MUN DISTRICT, NEW TERRITORIES WEST,PLK HKTA Yuen Yuen Primary School,431,427,1586,39,53,362,50,764,995,4707,803,,,,,
L0202,TUEN MUN DISTRICT, NEW TERRITORIES WEST,Yan Oi Tong Madam Lau Wong Fat Primary School,261,265,786,17,33,228,25,493,383,2491,803,,,,,
L0301,TUEN MUN DISTRICT, NEW TERRITORIES WEST,Semple Memorial Secondary School,301,314,948,32,28,256,25,498,651,3053,803,,,,,
L0302,TUEN MUN DISTRICT, NEW TERRITORIES WEST,Ching Chung Hau Po Woon Secondary School,116,121,421,9,16,87,8,191,191,1160,803,,,,,
L0401,TUEN MUN DISTRICT, NEW TERRITORIES WEST,On Ting/Yau Oi Community Centre,330,314,784,95,35,760,41,627,379,3365,803,,,,,
L0402,TUEN MUN DISTRICT, NEW TERRITORIES WEST,SKH St. Peter's Church Castle Peak Siu Lun Court Kindergarten,171,171,424,14,10,192,18,252,313,1565,803,,,,,
L0501,TUEN MUN DISTRICT, NEW TERRITORIES WEST,STFA Tam Pak Yu College,368,282,904,35,41,313,44,707,1007,3701,809,,,,,
L0601,TUEN MUN DISTRICT, NEW TERRITORIES WEST,Islamic Primary School,307,226,743,27,39,283,30,613,623,2891,803,,,,,
L0602,TUEN MUN DISTRICT, NEW TERRITORIES WEST,YCH Ho Sik Nam Primary School,312,294,1035,18,30,332,23,587,738,3369,803,,,,,
L0701,TUEN MUN DISTRICT, NEW TERRITORIES WEST,Stewards MKMCF Ma Ko Pan Memorial College,547,461,1620,40,68,524,50,960,722,4992,803,,,,,
L0801,TUEN MUN DISTRICT, NEW TERRITORIES WEST,Shan King Community Hall,511,429,1254,51,64,548,40,944,595,4436,803,,,,,
L0901,TUEN MUN DISTRICT, NEW TERRITORIES WEST,Tai Hing Community Hall,249,212,574,31,29,877,16,372,229,2589,806,,,,,
L0902,TUEN MUN DISTRICT, NEW TERRITORIES WEST,Yan Oi Tong Chan Wong Suk Fong Memorial Secondary School,96,75,221,9,17,249,8,158,163,996,806,,,,,
L1001,TUEN MUN DISTRICT, NEW TERRITORIES WEST,Tai Hing Sports Centre,447,356,1316,39,34,1340,50,782,433,4797,806,,,,,
L1101,TUEN MUN DISTRICT, NEW TERRITORIES WEST,CCC Tam Lee Lai Fun Memorial Secondary School,86,108,300,8,9,136,11,192,166,1016,803,,,,,
L1102,TUEN MUN DISTRICT, NEW TERRITORIES WEST,Tseng Choi Street Community Hall,193,256,588,19,17,265,21,410,373,2142,803,,,,,
L1201,TUEN MUN DISTRICT, NEW TERRITORIES WEST,The Salvation Army Sam Shing Chuen Lau Ng Ying School,340,364,829,21,34,380,54,552,448,3022,803,,,,,
L1202,TUEN MUN DISTRICT, NEW TERRITORIES WEST,Customs and Excise Training School,99,113,237,8,19,115,10,136,179,916,803,,,,,
L1301,TUEN MUN DISTRICT, NEW TERRITORIES WEST,Immigration Service Institute of Training and Development,122,150,388,6,12,83,10,173,241,1185,803,,,,,
L1302,TUEN MUN DISTRICT, NEW TERRITORIES WEST,PLK Women's Welfare Club Western District Fung Lee Pui Yiu Primary School,370,447,1053,21,44,361,28,517,575,3416,803,,,,,
L1401,TUEN MUN DISTRICT, NEW TERRITORIES WEST,Community Centre of Sun Tuen Mun Centre,638,656,1629,54,55,559,91,1137,1068,5887,803,,,,,
L1501,TUEN MUN DISTRICT, NEW TERRITORIES WEST,South Tuen Mun Government Secondary School,490,392,1182,57,48,359,42,869,1202,4641,809,,,,,
L1601,TUEN MUN DISTRICT, NEW TERRITORIES WEST,LKWFS Lau Tak Yung Memorial Primary School,588,472,1615,102,69,413,41,892,924,5116,803,,,,,
L1701,TUEN MUN DISTRICT, NEW TERRITORIES WEST,TWGHs Sun Hoi Directors' College,305,208,885,41,46,330,39,599,749,3202,803,,,,,
L1801,TUEN MUN DISTRICT, NEW TERRITORIES WEST,FDBWA Chow Chin Yau School,230,200,622,32,20,231,19,360,259,1973,803,,,,,
L1802,TUEN MUN DISTRICT, NEW TERRITORIES WEST,Butterfly Bay Community Centre,290,252,582,51,32,384,26,440,726,2783,809,,,,,
L1901,TUEN MUN DISTRICT, NEW TERRITORIES WEST,Lutheran Tsang Shing Siu Leun School,291,335,783,24,17,215,17,379,610,2671,803,,,,,
L1902,TUEN MUN DISTRICT, NEW TERRITORIES WEST,Lung Kwu Tan Village Office,54,53,82,4,6,48,3,59,109,418,809,,,,,
L2001,TUEN MUN DISTRICT, NEW TERRITORIES WEST,Lung Yat Community Hall,364,386,1081,34,48,385,35,788,986,4107,803,,,,,
L2002,TUEN MUN DISTRICT, NEW TERRITORIES WEST,YCH No.2 Secondary School,33,34,78,2,4,59,6,55,67,338,803,,,,,
L2101,TUEN MUN DISTRICT, NEW TERRITORIES WEST,HKRSS Tuen Mun Primary School,415,399,1645,26,46,482,36,724,615,4388,803,,,,,
L2201,TUEN MUN DISTRICT, NEW TERRITORIES WEST,Leung King Community Centre,415,341,1297,45,46,462,53,802,941,4402,803,,,,,
L2301,TUEN MUN DISTRICT, NEW TERRITORIES WEST,SRBCEPSA Ho Sau Ki School,464,370,1498,50,58,1072,52,935,579,5078,803,,,,,
L2401,TUEN MUN DISTRICT, NEW TERRITORIES WEST,PLK Horizon East Primary School,307,416,481,28,38,385,80,371,530,2636,809,,,,,
L2402,TUEN MUN DISTRICT, NEW TERRITORIES WEST,Tuen Mun Tsz Tin Tsuen Village Office,67,80,258,5,8,148,6,139,188,899,803,,,,,
L2501,TUEN MUN DISTRICT, NEW TERRITORIES WEST,Kin Sang Community Hall,411,372,1426,45,52,444,53,998,1156,4957,803,,,,,
L2601,TUEN MUN DISTRICT, NEW TERRITORIES WEST,Tuen Mun Government Primary School,373,226,1629,31,34,271,30,649,1410,4653,803,,,,,
L2701,TUEN MUN DISTRICT, NEW TERRITORIES WEST,SKH Mung Yan Primary School,421,416,1506,31,37,412,39,722,538,4122,803,,,,,
L2702,TUEN MUN DISTRICT, NEW TERRITORIES WEST,Hing Tak School,152,151,568,15,23,131,12,243,215,1510,803,,,,,
L2801,TUEN MUN DISTRICT, NEW TERRITORIES WEST,"Simon and Eleanor Kwok Building, Lingnan University",406,277,1247,51,56,1388,65,878,460,4828,806,,,,,
L2802,TUEN MUN DISTRICT, NEW TERRITORIES WEST,Fuk Hang Tsuen Village Office,44,48,160,3,4,84,4,86,67,500,803,,,,,
L2901,TUEN MUN DISTRICT, NEW TERRITORIES WEST,Kiu Saw Public School,144,116,381,19,19,300,19,290,223,1511,803,,,,,
L2902,TUEN MUN DISTRICT, NEW TERRITORIES WEST,Tuen Mun School,121,87,292,9,13,172,9,169,172,1044,803,,,,,
L2903,TUEN MUN DISTRICT, NEW TERRITORIES WEST,Tuen Mun San Tsuen Village Office,142,127,361,9,19,124,14,220,245,1261,803,,,,,
M0101,YUEN LONG DISTRICT, NEW TERRITORIES WEST,Yuen Long Merchants Association Primary School,287,301,1142,16,35,301,32,516,1225,3855,809,,,,,
M0201,YUEN LONG DISTRICT, NEW TERRITORIES WEST,SKH Ling Oi Primary School,237,297,1062,25,24,486,76,490,654,3351,803,,,,,
M0202,YUEN LONG DISTRICT, NEW TERRITORIES WEST,YLPMS Alumni Association Primary School,178,267,693,22,23,190,18,316,447,2154,803,,,,,
M0301,YUEN LONG DISTRICT, NEW TERRITORIES WEST,Long Ping Community Hall,170,295,2663,23,26,337,28,436,960,4938,803,,,,,
M0401,YUEN LONG DISTRICT, NEW TERRITORIES WEST,Yuen Long Long Ping Estate Tung Koon Primary School,121,254,2411,7,18,230,19,321,934,4315,803,,,,,
M0501,YUEN LONG DISTRICT, NEW TERRITORIES WEST,Yuen Long Post Office,223,238,566,21,17,191,27,299,546,2128,803,,,,,
M0502,YUEN LONG DISTRICT, NEW TERRITORIES WEST,Fung Kam Street Sports Centre,297,299,1024,21,27,268,30,549,691,3206,803,,,,,
M0601,YUEN LONG DISTRICT, NEW TERRITORIES WEST,CCC Kei Yuen College,249,283,764,15,27,190,27,324,420,2299,803,,,,,
M0701,YUEN LONG DISTRICT, NEW TERRITORIES WEST,Buddhist Wing Yan School,303,341,921,18,27,239,34,548,642,3073,803,,,,,
M0801,YUEN LONG DISTRICT, NEW TERRITORIES WEST,Yuen Long Government Primary School,34,48,101,2,1,85,8,65,75,419,803,,,,,
M0802,YUEN LONG DISTRICT, NEW TERRITORIES WEST,Chung Sing School,176,239,902,18,34,510,22,388,423,2712,803,,,,,
M0901,YUEN LONG DISTRICT, NEW TERRITORIES WEST,SKH Bishop Baker Secondary School,245,269,951,25,38,304,24,474,610,2940,803,,,,,
M0902,YUEN LONG DISTRICT, NEW TERRITORIES WEST,Caritas Yuen Long Chan Chun Ha Secondary School,162,187,579,17,16,241,14,336,449,2001,803,,,,,
M1001,YUEN LONG DISTRICT, NEW TERRITORIES WEST,Vichy Educational & Cultural Organisation Jade Kindergarten,144,143,486,14,14,345,18,245,271,1680,803,,,,,
M1002,YUEN LONG DISTRICT, NEW TERRITORIES WEST,Scout Association of Hong Kong Choi Chee Ming Luen Kwong Scout Centre,225,258,761,12,17,476,24,368,579,2720,803,,,,,
M1101,YUEN LONG DISTRICT, NEW TERRITORIES WEST,The Industrial Evangelistic Fellowship Ltd. Yuen Long Wai Kwan Centre,106,139,441,10,12,122,13,188,546,1577,809,,,,,
M1102,YUEN LONG DISTRICT, NEW TERRITORIES WEST,Ho Dao College (Sponsored by Sik Sik Yuen),282,270,889,14,39,295,32,562,783,3166,803,,,,,
M1201,YUEN LONG DISTRICT, NEW TERRITORIES WEST,Ping Shan Tin Shui Wai Sports Centre,119,154,434,10,19,175,16,257,504,1688,809,,,,,
M1301,YUEN LONG DISTRICT, NEW TERRITORIES WEST,Wang Chau Village Office,85,170,597,13,15,124,13,227,509,1753,803,,,,,
M1302,YUEN LONG DISTRICT, NEW TERRITORIES WEST,Former Sha Kong Public Luen Yick School,37,77,157,8,4,39,2,93,255,672,809,,,,,
M1401,YUEN LONG DISTRICT, NEW TERRITORIES WEST,ELCHK Wing Jan Lutheran Church,20,27,74,4,3,59,4,41,125,357,809,,,,,
M1402,YUEN LONG DISTRICT, NEW TERRITORIES WEST,Sik Kong Wai Village Office,97,126,301,7,18,530,18,189,203,1489,806,,,,,
M1403,YUEN LONG DISTRICT, NEW TERRITORIES WEST,The Neighbourhood Advice-Action Council Tuen Mun / Yuen Long Rural Village Centre,115,138,412,8,10,289,17,241,276,1506,803,,,,,
M1501,YUEN LONG DISTRICT, NEW TERRITORIES WEST,Queen Elizabeth School Old Students' Association Branch Primary School,271,342,852,24,39,309,39,730,724,3330,803,,,,,
M1502,YUEN LONG DISTRICT, NEW TERRITORIES WEST,Lions Clubs International Ho Tak Sum Primary School,277,368,936,24,37,301,23,757,727,3450,803,,,,,
M1601,YUEN LONG DISTRICT, NEW TERRITORIES WEST,Tin Shui Community Centre,403,334,1465,41,55,419,49,862,1278,4906,803,,,,,
M1701,YUEN LONG DISTRICT, NEW TERRITORIES WEST,TWGHs Yiu Dak Chi Memorial Primary School (Yuen Long),342,278,1104,28,27,338,37,648,898,3700,803,,,,,
M1801,YUEN LONG DISTRICT, NEW TERRITORIES WEST,The Jockey Club Eduyoung College,320,374,933,14,33,354,29,594,658,3309,803,,,,,
M1802,YUEN LONG DISTRICT, NEW TERRITORIES WEST,TWGHs Leo Tung-hai Lee Primary School,204,205,863,41,27,225,30,551,714,2860,803,,,,,
M1901,YUEN LONG DISTRICT, NEW TERRITORIES WEST,Tin Shui Wai Methodist College,325,360,1012,29,39,620,42,711,872,4010,803,,,,,
M2001,YUEN LONG DISTRICT, NEW TERRITORIES WEST,Tin Fai Road Community Hall,395,416,1104,35,30,1229,43,652,742,4646,806,,,,,
M2101,YUEN LONG DISTRICT, NEW TERRITORIES WEST,SKH Tin Shui Wai Ling Oi Primary School,355,389,1271,36,50,629,65,791,1007,4593,803,,,,,
M2201,YUEN LONG DISTRICT, NEW TERRITORIES WEST,STFA Wu Mien Tuen Primary School,352,370,1520,55,55,1374,53,976,806,5561,803,,,,,
M2301,YUEN LONG DISTRICT, NEW TERRITORIES WEST,YLPMS Alumni Association Ying Yip Primary School,353,396,1374,44,43,959,37,800,728,4734,803,,,,,
M2401,YUEN LONG DISTRICT, NEW TERRITORIES WEST,Tin Ching Community Hall,292,389,897,35,40,1051,46,909,560,4219,806,,,,,
M2501,YUEN LONG DISTRICT, NEW TERRITORIES WEST,The Hong Kong Management Association K S Lo College,564,630,1565,44,61,432,29,884,1356,5565,803,,,,,
M2601,YUEN LONG DISTRICT, NEW TERRITORIES WEST,BTCFS Yeung Yat Lam Memorial School,267,231,809,26,25,251,31,700,656,2996,803,,,,,
M2701,YUEN LONG DISTRICT, NEW TERRITORIES WEST,Tin Shui Wai Government Secondary School,355,348,1208,37,46,355,45,981,886,4261,803,,,,,
M2801,YUEN LONG DISTRICT, NEW TERRITORIES WEST,Tin Yiu Community Centre,327,324,1099,44,40,295,51,920,977,4077,803,,,,,
M2901,YUEN LONG DISTRICT, NEW TERRITORIES WEST,Ju Ching Chu Secondary School (Yuen Long),410,521,1332,26,34,426,40,885,910,4584,803,,,,,
M3001,YUEN LONG DISTRICT, NEW TERRITORIES WEST,HKFYG Lee Shau Kee Primary School,403,527,1005,26,58,402,52,667,793,3933,803,,,,,
M3101,YUEN LONG DISTRICT, NEW TERRITORIES WEST,HKMLC Wong Chan Sook Ying Memorial School,383,541,1245,23,59,247,30,517,832,3877,803,,,,,
M3201,YUEN LONG DISTRICT, NEW TERRITORIES WEST,Tun Yu School,89,110,277,6,15,72,11,135,406,1121,809,,,,,
M3202,YUEN LONG DISTRICT, NEW TERRITORIES WEST,St. Gavriel Kindergarten,241,333,723,14,30,27,166,307,733,2574,809,,,,,
M3301,YUEN LONG DISTRICT, NEW TERRITORIES WEST,SKH St. Joseph's Primary School,221,287,679,26,23,468,20,412,421,2557,803,,,,,
M3401,YUEN LONG DISTRICT, NEW TERRITORIES WEST,Toi Shan Public School (Former),193,237,513,23,26,196,23,389,1014,2614,809,,,,,
M3501,YUEN LONG DISTRICT, NEW TERRITORIES WEST,Pat Heung Central Primary School (Shek Wu Tong),407,417,1153,23,51,382,33,667,1440,4573,809,,,,,
S0101,KWAI TSING DISTRICT, NEW TERRITORIES WEST,CNEC Ta Tung School,382,453,902,32,33,543,20,1889,664,4918,808,,,,,
S0201,KWAI TSING DISTRICT, NEW TERRITORIES WEST,ELCHK Kwai Shing Lutheran Primary School,404,474,1082,38,65,766,44,2694,1728,7295,808,,,,,
S0301,KWAI TSING DISTRICT, NEW TERRITORIES WEST,Yan Oi Tong Pang Hung Cheung Kindergarten,248,275,855,17,33,759,14,692,496,3389,803,,,,,
S0401,KWAI TSING DISTRICT, NEW TERRITORIES WEST,Buddhist Lam Bing Yim Memorial School (Sponsored by the Hong Kong Buddhist Association),386,324,1224,23,56,1029,41,1098,466,4647,803,,,,,
S0501,KWAI TSING DISTRICT, NEW TERRITORIES WEST,CCC Chuen Yuen College,213,347,563,14,26,461,24,2128,773,4549,808,,,,,
S0601,KWAI TSING DISTRICT, NEW TERRITORIES WEST,CCC Chuen Yuen Kindergarten,139,331,377,17,21,390,14,1167,722,3178,808,,,,,
S0602,KWAI TSING DISTRICT, NEW TERRITORIES WEST,SKH Lam Woo Memorial Secondary School,90,114,259,11,14,226,16,777,175,1682,808,,,,,
S0701,KWAI TSING DISTRICT, NEW TERRITORIES WEST,SKH Chu Oi Primary School,548,480,1411,26,69,479,43,1472,1341,5869,808,,,,,
S0801,KWAI TSING DISTRICT, NEW TERRITORIES WEST,Salesian Yip Hon Primary School,431,314,1022,38,95,1376,35,982,414,4707,806,,,,,
S0901,KWAI TSING DISTRICT, NEW TERRITORIES WEST,Shek Lei (I) Estate Indoor Activity Room,535,486,1285,33,66,496,77,992,813,4783,803,,,,,
S1001,KWAI TSING DISTRICT, NEW TERRITORIES WEST,Shek Lei Community Hall,666,594,1869,33,66,554,60,1110,1264,6216,803,,,,,
S1101,KWAI TSING DISTRICT, NEW TERRITORIES WEST,HKTA The Yuen Yuen Institute No. 1 Secondary School,449,376,1108,26,61,341,32,816,1434,4643,809,,,,,
S1201,KWAI TSING DISTRICT, NEW TERRITORIES WEST,Buddhist Lim Kim Tian Memorial Primary School,194,414,574,16,36,371,22,3235,707,5569,808,,,,,
S1301,KWAI TSING DISTRICT, NEW TERRITORIES WEST,"G/F, Conference Room, Northern Car Park, Wonderland Villas  ",176,217,410,14,24,94,10,177,298,1420,803,,,,,
S1302,KWAI TSING DISTRICT, NEW TERRITORIES WEST,Carmel Alison Lam Foundation Secondary School,60,77,122,2,5,38,3,86,88,481,803,,,,,
S1303,KWAI TSING DISTRICT, NEW TERRITORIES WEST,TWGHs Ko Ho Ning Memorial Primary School,202,191,467,23,20,432,22,532,266,2155,808,,,,,
S1401,KWAI TSING DISTRICT, NEW TERRITORIES WEST,CCC Kei Chun Primary School,477,542,993,35,62,340,26,787,854,4116,803,,,,,
S1501,KWAI TSING DISTRICT, NEW TERRITORIES WEST,The HKSYC&IA Chan Nam Chong Memorial College,469,420,1043,23,44,310,37,924,1583,4853,809,,,,,
S1601,KWAI TSING DISTRICT, NEW TERRITORIES WEST,Kwai Fong Community Hall,301,352,901,14,37,258,22,1023,725,3633,808,,,,,
S1701,KWAI TSING DISTRICT, NEW TERRITORIES WEST,Lai King Community Hall,486,370,822,31,30,441,26,977,698,3881,808,,,,,
S1801,KWAI TSING DISTRICT, NEW TERRITORIES WEST,Kwai Shing Community Hall,287,302,774,22,33,1591,27,1907,411,5354,808,,,,,
S1901,KWAI TSING DISTRICT, NEW TERRITORIES WEST,Delia (Man Kiu) English Primary School,383,367,911,33,52,503,42,919,677,3887,808,,,,,
S1902,KWAI TSING DISTRICT, NEW TERRITORIES WEST,CCC Yenching College,504,543,1332,30,59,419,24,967,818,4696,803,,,,,
S2001,KWAI TSING DISTRICT, NEW TERRITORIES WEST,SKH Tsing Yi Estate Ho Chak Wan Primary School,535,456,1247,38,58,736,32,876,576,4554,803,,,,,
S2101,KWAI TSING DISTRICT, NEW TERRITORIES WEST,Tsuen Wan Trade Association Primary School,521,562,1373,41,75,762,40,1246,676,5296,803,,,,,
S2201,KWAI TSING DISTRICT, NEW TERRITORIES WEST,TWGHs S. C. Gaw Memorial College,103,144,249,11,13,140,9,255,399,1323,809,,,,,
S2202,KWAI TSING DISTRICT, NEW TERRITORIES WEST,PLK Castar Primary School,620,523,1503,41,72,574,42,1351,782,5508,803,,,,,
S2301,KWAI TSING DISTRICT, NEW TERRITORIES WEST,Cheung Ching Estate Community Centre,195,257,469,15,29,324,28,504,293,2114,808,,,,,
S2302,KWAI TSING DISTRICT, NEW TERRITORIES WEST,"Study Room, Mayfair Gardens",309,335,810,17,27,489,29,678,398,3092,803,,,,,
S2401,KWAI TSING DISTRICT, NEW TERRITORIES WEST,Tsing Yi Trade Association Primary School,329,407,523,19,39,381,70,628,418,2814,808,,,,,
S2402,KWAI TSING DISTRICT, NEW TERRITORIES WEST,Tsing Yi Trade Association Kindergarten,263,325,622,21,24,239,27,575,336,2432,803,,,,,
S2501,KWAI TSING DISTRICT, NEW TERRITORIES WEST,Lok Sin Tong Leung Chik Wai Memorial School,370,322,780,24,46,357,30,810,1081,3820,809,,,,,
S2601,KWAI TSING DISTRICT, NEW TERRITORIES WEST,Rambler Crest Club House,113,89,291,9,22,70,12,224,131,961,803,,,,,
S2602,KWAI TSING DISTRICT, NEW TERRITORIES WEST,SKH Tsing Yi Chu Yan Primary School,265,293,664,43,27,323,51,572,1082,3320,809,,,,,
S2701,KWAI TSING DISTRICT, NEW TERRITORIES WEST,Cheung Hang Community Hall,674,686,1247,55,87,834,69,1188,1414,6254,809,,,,,
S2801,KWAI TSING DISTRICT, NEW TERRITORIES WEST,Cheung Fat Estate Community Centre,396,384,1043,30,32,381,28,1007,587,3888,803,,,,,
S2901,KWAI TSING DISTRICT, NEW TERRITORIES WEST,CNEC Lui Ming Choi Primary School,385,348,1095,28,53,461,37,1070,1279,4756,809,,,,,
T0101,ISLANDS DISTRICT, NEW TERRITORIES WEST,CCC Tai O Primary School,38,50,106,13,10,46,10,195,324,792,809,,,,,
T0104,ISLANDS DISTRICT, NEW TERRITORIES WEST,Auxiliary Medical Service Tung Chung Training Centre,54,41,101,12,15,97,5,65,158,548,809,,,,,
T0107,ISLANDS DISTRICT, NEW TERRITORIES WEST,Mui Wo Sports Centre,118,86,303,14,35,143,14,235,379,1327,809,,,,,
T0109,ISLANDS DISTRICT, NEW TERRITORIES WEST,Bui O Public School,45,31,83,8,22,49,8,51,132,429,809,,,,,
T0201,ISLANDS DISTRICT, NEW TERRITORIES WEST,Tung Chung Catholic School,358,319,941,30,47,1536,54,648,391,4324,806,,,,,
T0301,ISLANDS DISTRICT, NEW TERRITORIES WEST,HKFEW Wong Cho Bau School,487,398,1429,62,81,1101,46,977,622,5203,803,,,,,
T0401,ISLANDS DISTRICT, NEW TERRITORIES WEST,Tung Chung Community Hall,516,548,1069,25,108,302,30,518,988,4104,803,,,,,
T0501,ISLANDS DISTRICT, NEW TERRITORIES WEST,HKFEW Wong Cho Bau Secondary School,509,315,1474,57,84,474,44,917,1513,5387,809,,,,,
T0601,ISLANDS DISTRICT, NEW TERRITORIES WEST,Discovery Bay Community Hall,297,277,588,18,107,87,4,277,308,1963,803,,,,,
T0701,ISLANDS DISTRICT, NEW TERRITORIES WEST,Peng Chau Sports Centre,141,171,294,13,14,184,14,476,582,1889,809,,,,,
T0801,ISLANDS DISTRICT, NEW TERRITORIES WEST,Lamma Island (North) Rural Committee,109,82,285,8,37,72,6,187,405,1191,809,,,,,
T0901,ISLANDS DISTRICT, NEW TERRITORIES WEST,Buddhist Wai Yan Memorial College,182,136,367,23,22,134,15,300,471,1650,809,,,,,
T0902,ISLANDS DISTRICT, NEW TERRITORIES WEST,Caritas Chan Chun Ha Field Studies Centre (St.Paul Campus),90,74,253,8,15,60,10,178,205,893,803,,,,,
T1001,ISLANDS DISTRICT, NEW TERRITORIES WEST,Cheung Chau Sports Centre,109,72,235,10,7,61,7,141,344,986,809,,,,,
T1002,ISLANDS DISTRICT, NEW TERRITORIES WEST,Kwok Man School,138,86,268,10,16,77,15,205,456,1271,809,,,,,
N0101,NORTH DISTRICT,NEW TERRITORIES EAST,HHCKLA Buddhist Ma Kam Chan Memorial English Secondary School,438,280,838,21,44,231,41,462,736,3091,803,,,,,
N0201,NORTH DISTRICT,NEW TERRITORIES EAST,Fanling Public School,185,163,338,13,28,146,21,227,295,1416,803,,,,,
N0202,NORTH DISTRICT,NEW TERRITORIES EAST,Caritas Fanling Chan Chun Ha Secondary School,259,206,474,19,30,112,19,325,302,1746,803,,,,,
N0301,NORTH DISTRICT,NEW TERRITORIES EAST,Cheung Wah Community Hall,847,498,1504,45,85,519,83,832,1082,5495,803,,,,,
N0401,NORTH DISTRICT,NEW TERRITORIES EAST,HHCKLA Buddhist Ching Kok Lin Association School,873,494,1622,50,100,473,106,1008,1525,6251,803,,,,,
N0501,NORTH DISTRICT,NEW TERRITORIES EAST,Fung Kai Liu Yun Sum Memorial School,733,422,1579,45,117,482,288,993,1203,5862,803,,,,,
N0601,NORTH DISTRICT,NEW TERRITORIES EAST,HHCKLA Buddhist Po Kwong School,386,167,789,19,36,184,53,488,772,2894,803,,,,,
N0602,NORTH DISTRICT,NEW TERRITORIES EAST,Jockey Club Yung Shing Lutheran Integrated Service Centre,457,233,1030,30,61,257,93,679,1394,4234,809,,,,,
N0701,NORTH DISTRICT,NEW TERRITORIES EAST,SKH Ka Fuk Wing Chun Primary School,649,415,1343,43,60,850,117,942,936,5355,803,,,,,
N0801,NORTH DISTRICT,NEW TERRITORIES EAST,Fanling Government Secondary School,341,236,713,22,41,151,37,425,557,2523,803,,,,,
N0802,NORTH DISTRICT,NEW TERRITORIES EAST,Tin Ka Ping Secondary School,220,166,427,11,24,117,30,286,327,1608,803,,,,,
N0901,NORTH DISTRICT,NEW TERRITORIES EAST,Elegantia College (Sponsored by Education Convergence) ,542,310,929,30,76,440,82,685,1590,4684,809,,,,,
N1001,NORTH DISTRICT,NEW TERRITORIES EAST,Po Wing Road Sports Centre,372,302,862,30,48,651,53,613,931,3862,809,,,,,
N1101,NORTH DISTRICT,NEW TERRITORIES EAST,Kam Tsin Village Ho Tung School,161,158,281,6,17,95,18,190,235,1161,803,,,,,
N1102,NORTH DISTRICT,NEW TERRITORIES EAST,Tsiu Keng Village Office,103,78,169,7,8,71,10,99,392,937,809,,,,,
N1103,NORTH DISTRICT,NEW TERRITORIES EAST,Ku Tung Public Oi Wah School,217,171,406,18,23,143,20,210,351,1559,803,,,,,
N1104,NORTH DISTRICT,NEW TERRITORIES EAST,Hang Tau Village Office,152,109,236,7,23,100,14,137,272,1050,809,,,,,
N1201,NORTH DISTRICT,NEW TERRITORIES EAST,Choi Yuen Estate Hall,773,446,1211,44,84,537,94,838,1471,5498,809,,,,,
N1301,NORTH DISTRICT,NEW TERRITORIES EAST,Lung Sum Avenue Sports Centre,109,58,147,7,5,58,12,101,144,641,803,,,,,
N1302,NORTH DISTRICT,NEW TERRITORIES EAST,SKH Chan Young Secondary School,459,258,787,10,32,222,40,457,584,2849,803,,,,,
N1303,NORTH DISTRICT,NEW TERRITORIES EAST,HHCKLA Buddhist Chan Shi Wan Primary School,243,107,400,7,21,140,17,237,247,1419,803,,,,,
N1401,NORTH DISTRICT,NEW TERRITORIES EAST,Shek Wu Hui Public School,721,338,1404,27,91,860,92,741,765,5039,803,,,,,
N1501,NORTH DISTRICT,NEW TERRITORIES EAST,Fung Kai Liu Man Shek Tong Secondary School,546,311,993,33,66,378,70,712,1053,4162,809,,,,,
N1601,NORTH DISTRICT,NEW TERRITORIES EAST,Ta Ku Ling Ling Ying Public School,73,35,100,3,9,59,5,73,117,474,809,,,,,
N1602,NORTH DISTRICT,NEW TERRITORIES EAST,International College Hong Kong,90,51,110,9,13,51,12,93,281,710,809,,,,,
N1604,NORTH DISTRICT,NEW TERRITORIES EAST,Sha Tau Kok Central Primary School,109,90,199,16,31,154,21,124,1071,1815,809,,,,,
N1606,NORTH DISTRICT,NEW TERRITORIES EAST,Ta Kwu Ling Community Hall,74,61,160,11,17,51,8,123,153,658,803,,,,,
N1701,NORTH DISTRICT,NEW TERRITORIES EAST,Tin Ping Sports Centre,465,235,914,26,41,381,49,548,564,3223,803,,,,,
N1702,NORTH DISTRICT,NEW TERRITORIES EAST,Luen Wo Hui Community Hall,620,396,988,25,69,322,72,533,958,3983,803,,,,,
N1801,NORTH DISTRICT,NEW TERRITORIES EAST,Tsung Him School,64,86,129,2,11,49,7,102,140,590,809,,,,,
N1802,NORTH DISTRICT,NEW TERRITORIES EAST,Lung Shan School,92,71,164,8,10,50,14,99,213,721,809,,,,,
N1803,NORTH DISTRICT,NEW TERRITORIES EAST,"Kwan Ti Vegetable Marketing Co-operative Society, Limited",113,80,177,8,13,83,14,111,167,766,803,,,,,
N1804,NORTH DISTRICT,NEW TERRITORIES EAST,Mission To New Arrivals Ltd. Life Building Centre,109,120,247,1,18,88,10,174,301,1068,809,,,,,
N1805,NORTH DISTRICT,NEW TERRITORIES EAST,Wo Hop Shek Village Office,21,26,82,2,4,24,3,35,84,281,809,,,,,
P0101,TAI PO DISTRICT,NEW TERRITORIES EAST,Tai Po Community Centre (Exhibition Hall),408,258,817,21,44,264,91,450,878,3231,809,,,,,
P0201,TAI PO DISTRICT,NEW TERRITORIES EAST,Tai Po Government Secondary School,741,352,1350,27,61,303,132,717,950,4633,803,,,,,
P0301,TAI PO DISTRICT,NEW TERRITORIES EAST,NTW&JWAL Leung Sing Tak Primary School,302,165,539,14,38,125,58,364,391,1996,803,,,,,
P0302,TAI PO DISTRICT,NEW TERRITORIES EAST,HKRSS Tai Po Secondary School,342,230,705,27,55,251,113,511,572,2806,803,,,,,
P0401,TAI PO DISTRICT,NEW TERRITORIES EAST,Tai Yuen Community Hall,617,343,910,34,77,413,129,699,889,4111,803,,,,,
P0501,TAI PO DISTRICT,NEW TERRITORIES EAST,Fu Heng Neighbourhood Community Centre,832,420,1477,49,113,505,212,1016,1025,5649,803,,,,,
P0601,TAI PO DISTRICT,NEW TERRITORIES EAST,Fu Shin Community Hall,679,375,1526,30,49,480,951,818,1177,6085,803,,,,,
P0701,TAI PO DISTRICT,NEW TERRITORIES EAST,HKTA The Yuen Yuen Institute No. 2 Secondary School,521,341,1202,29,48,466,901,721,792,5021,803,,,,,
P0801,TAI PO DISTRICT,NEW TERRITORIES EAST,Kwong Fuk Community Hall,492,251,806,28,61,424,92,558,1150,3862,809,,,,,
P0802,TAI PO DISTRICT,NEW TERRITORIES EAST,Sung Tak Wong Kin Sheung Memorial School,118,63,199,5,10,58,14,128,159,754,803,,,,,
P0901,TAI PO DISTRICT,NEW TERRITORIES EAST,Tai Po Baptist Public School,663,361,1089,28,61,440,92,639,1116,4489,809,,,,,
P1001,TAI PO DISTRICT,NEW TERRITORIES EAST,Hong Kong Teachers' Association Lee Heng Kwei Secondary School,723,466,1512,26,101,413,105,881,1359,5586,803,,,,,
P1002,TAI PO DISTRICT,NEW TERRITORIES EAST,PLK Tin Ka Ping Millennium Primary School,196,191,381,10,28,76,11,197,453,1543,809,,,,,
P1101,TAI PO DISTRICT,NEW TERRITORIES EAST,Wan Tau Tong Neighbourhood Community Centre,604,357,1173,43,89,399,95,818,876,4454,803,,,,,
P1201,TAI PO DISTRICT,NEW TERRITORIES EAST,YCH Choi Hin To Primary School,499,340,864,25,47,296,54,551,615,3291,803,,,,,
P1202,TAI PO DISTRICT,NEW TERRITORIES EAST,Norwegian International School,152,84,271,11,21,103,21,175,196,1034,803,,,,,
P1301,TAI PO DISTRICT,NEW TERRITORIES EAST,Nam Wah Po Village Tsung Tsin Church,46,19,81,1,4,19,2,48,136,356,809,,,,,
P1302,TAI PO DISTRICT,NEW TERRITORIES EAST,Lions Club Lam Tsuen Youth Centre,322,146,548,16,48,144,59,401,737,2421,809,,,,,
P1303,TAI PO DISTRICT,NEW TERRITORIES EAST,Wai Tau Village Office,75,64,139,8,6,52,26,95,184,649,809,,,,,
P1304,TAI PO DISTRICT,NEW TERRITORIES EAST,Tai Hang Public School,111,87,188,6,16,62,11,116,239,836,809,,,,,
P1401,TAI PO DISTRICT,NEW TERRITORIES EAST,Assembly of God Hebron Secondary School,663,410,1405,54,77,443,291,884,1180,5407,803,,,,,
P1501,TAI PO DISTRICT,NEW TERRITORIES EAST,Lam Tsuen Public Wong Fook Luen Memorial School,730,422,1212,50,85,536,130,859,1048,5072,803,,,,,
P1601,TAI PO DISTRICT,NEW TERRITORIES EAST,Tai Wo Neighbourhood Community Centre,716,384,1298,33,71,254,115,724,755,4350,803,,,,,
P1701,TAI PO DISTRICT,NEW TERRITORIES EAST,Tai Po Sam Yuk Secondary School,355,205,760,13,62,170,58,450,567,2640,803,,,,,
P1702,TAI PO DISTRICT,NEW TERRITORIES EAST,Kau Lung Hang Public Yuk Yin School,106,63,215,6,14,53,14,131,359,961,809,,,,,
P1703,TAI PO DISTRICT,NEW TERRITORIES EAST,Conference Room of Hong Lok Yuen Management Services Office,113,112,238,6,20,70,11,110,304,984,809,,,,,
P1704,TAI PO DISTRICT,NEW TERRITORIES EAST,Confucian Tai Shing Ho Kwok Pui Chun College,148,95,347,5,22,58,32,168,275,1150,803,,,,,
P1801,TAI PO DISTRICT,NEW TERRITORIES EAST,Tai Mei Tuk Village Office,183,131,347,9,25,89,16,209,472,1481,809,,,,,
P1802,TAI PO DISTRICT,NEW TERRITORIES EAST,Shuen Wan Chim Uk Village Office,266,156,431,16,21,112,37,300,628,1967,809,,,,,
P1803,TAI PO DISTRICT,NEW TERRITORIES EAST,The Hong Kong Institute of Education Jockey Club Primary School,80,83,199,11,19,33,9,99,177,710,803,,,,,
P1901,TAI PO DISTRICT,NEW TERRITORIES EAST,Hong Kong Baptist Theological Seminary,414,366,770,17,51,174,30,467,571,2860,803,,,,,
Q0101,SAI KUNG DISTRICT,NEW TERRITORIES EAST,The Sai Kung Jockey Club Town Hall,528,466,1025,28,98,226,61,592,1129,4153,809,,,,,
Q0102,SAI KUNG DISTRICT,NEW TERRITORIES EAST,Man Yee Fishermen Village Community Hall,94,62,193,15,14,44,13,109,297,841,809,,,,,
Q0201,SAI KUNG DISTRICT,NEW TERRITORIES EAST,Ex-Sai Kung Central Primary School,403,403,792,23,66,196,49,463,852,3247,809,,,,,
Q0401,SAI KUNG DISTRICT,NEW TERRITORIES EAST,Hong Kong and Macau Lutheran Church Primary School,283,249,520,13,56,135,29,289,562,2136,809,,,,,
Q0501,SAI KUNG DISTRICT,NEW TERRITORIES EAST,"Cheng Chek Chee Secondary School of Sai Kung & Hang Hau District, N.T.",276,271,574,16,44,128,27,333,624,2293,809,,,,,
Q0601,SAI KUNG DISTRICT,NEW TERRITORIES EAST,Evangel College,730,574,1139,32,93,691,64,735,761,4819,803,,,,,
Q0701,SAI KUNG DISTRICT,NEW TERRITORIES EAST,HKYWCA Tseung Kwan O Integrated Social Service Centre,734,489,1192,23,54,241,37,630,620,4020,803,,,,,
Q0801,SAI KUNG DISTRICT,NEW TERRITORIES EAST,G.T. (Ellen Yeung) College,463,458,825,18,47,271,49,443,569,3143,803,,,,,
Q0901,SAI KUNG DISTRICT,NEW TERRITORIES EAST,HHCKLA Buddhist Ching Kok Secondary School,502,536,896,33,78,449,284,581,774,4133,803,,,,,
Q1001,SAI KUNG DISTRICT,NEW TERRITORIES EAST,Po Kok Secondary School,723,592,1258,65,100,639,116,931,1017,5441,803,,,,,
Q1101,SAI KUNG DISTRICT,NEW TERRITORIES EAST,POH 80th Anniversary Tang Ying Hei College,815,548,1318,30,75,473,210,795,837,5101,803,,,,,
Q1201,SAI KUNG DISTRICT,NEW TERRITORIES EAST,YCH Wong Wha San Secondary School,862,661,1317,46,80,491,78,854,948,5337,803,,,,,
Q1301,SAI KUNG DISTRICT,NEW TERRITORIES EAST,Tseung Kwan O Sports Ground,589,436,1008,18,49,252,67,628,536,3583,803,,,,,
Q1401,SAI KUNG DISTRICT,NEW TERRITORIES EAST,Tseung Kwan O Government Primary School,879,572,1498,29,89,541,90,954,977,5629,803,,,,,
Q1501,SAI KUNG DISTRICT,NEW TERRITORIES EAST,Tsui Lam Sports Centre,182,129,295,12,13,113,25,201,150,1120,803,,,,,
Q1502,SAI KUNG DISTRICT,NEW TERRITORIES EAST,King Ling College,357,244,682,19,37,221,34,378,496,2468,803,,,,,
Q1601,SAI KUNG DISTRICT,NEW TERRITORIES EAST,Tsui Lam Community Hall,806,616,1372,42,81,594,119,884,769,5283,803,,,,,
Q1701,SAI KUNG DISTRICT,NEW TERRITORIES EAST,Carmel Divine Grace Foundation Secondary School,878,703,1565,50,103,652,147,939,926,5963,803,,,,,
Q1801,SAI KUNG DISTRICT,NEW TERRITORIES EAST,Po Lam Multipurpose Hall,981,744,1631,29,76,545,213,988,938,6145,803,,,,,
Q1901,SAI KUNG DISTRICT,NEW TERRITORIES EAST,STFA Leung Kit Wah Primary School,1234,815,1883,51,88,550,208,1059,1048,6936,803,,,,,
Q1902,SAI KUNG DISTRICT,NEW TERRITORIES EAST,STFA Cheng Yu Tung Secondary School,430,328,793,15,38,210,78,418,422,2732,803,,,,,
Q2001,SAI KUNG DISTRICT,NEW TERRITORIES EAST,King Lam Neighbourhood Community Centre,813,593,1483,65,87,709,140,976,1307,6173,803,,,,,
Q2101,SAI KUNG DISTRICT,NEW TERRITORIES EAST,Catholic Ming Yuen Secondary School,877,658,1554,48,96,639,106,1004,1275,6257,803,,,,,
Q2201,SAI KUNG DISTRICT,NEW TERRITORIES EAST,Hong Kong and Macau Lutheran Church Queen Maud Secondary School,835,583,1366,35,99,416,86,832,1217,5469,803,,,,,
Q2301,SAI KUNG DISTRICT,NEW TERRITORIES EAST,Hang Hau Community Hall,1052,670,1663,46,112,610,91,1075,1305,6624,803,,,,,
Q2401,SAI KUNG DISTRICT,NEW TERRITORIES EAST,Sheung Tak Community Hall,617,396,1465,66,106,1190,173,979,767,5759,803,,,,,
Q2501,SAI KUNG DISTRICT,NEW TERRITORIES EAST,HKTA The Yuen Yuen Institute No.3 Secondary School,880,554,1445,61,98,595,84,827,1590,6134,809,,,,,
Q2601,SAI KUNG DISTRICT,NEW TERRITORIES EAST,Creative Secondary School,285,204,469,13,34,123,16,282,212,1638,803,,,,,
Q2602,SAI KUNG DISTRICT,NEW TERRITORIES EAST,Lohas Park Community Hall,1061,906,1704,58,105,455,71,929,1037,6326,803,,,,,
R0101,SHA TIN DISTRICT,NEW TERRITORIES EAST,Sha Tin Town Hall,736,480,1301,27,77,240,42,659,649,4211,803,,,,,
R0102,SHA TIN DISTRICT,NEW TERRITORIES EAST,Sha Tin Government Secondary School,145,79,286,9,15,49,3,151,166,903,803,,,,,
R0201,SHA TIN DISTRICT,NEW TERRITORIES EAST,Lek Yuen Community Hall,557,482,862,33,91,415,68,665,658,3831,803,,,,,
R0301,SHA TIN DISTRICT,NEW TERRITORIES EAST,Wo Che Community Hall,717,516,1228,66,88,594,75,925,1093,5302,803,,,,,
R0401,SHA TIN DISTRICT,NEW TERRITORIES EAST,Baptist Lui Ming Choi Primary School,958,534,1644,30,99,318,47,980,757,5367,803,,,,,
R0501,SHA TIN DISTRICT,NEW TERRITORIES EAST,Pentecostal Lam Hon Kwong School,826,478,1462,29,72,323,60,834,814,4898,803,,,,,
R0601,SHA TIN DISTRICT,NEW TERRITORIES EAST,Chi Hong Primary School,419,267,771,20,32,169,48,456,380,2562,803,,,,,
R0602,SHA TIN DISTRICT,NEW TERRITORIES EAST,Belair Gardens Shopping Arcade 1/F Footbridge,344,291,582,9,40,132,27,346,353,2124,803,,,,,
R0701,SHA TIN DISTRICT,NEW TERRITORIES EAST,Buddhist Kok Kwong Secondary School,752,516,1144,29,65,601,152,774,1019,5052,803,,,,,
R0801,SHA TIN DISTRICT,NEW TERRITORIES EAST,Pok Hong Community Hall,887,566,1435,41,73,626,196,892,961,5677,803,,,,,
R0901,SHA TIN DISTRICT,NEW TERRITORIES EAST,Sha Tin Wai Dr. Catherine F. Woo Memorial School,827,624,1373,31,69,596,220,851,922,5513,803,,,,,
R1001,SHA TIN DISTRICT,NEW TERRITORIES EAST,Chun Shek Community Hall,807,547,1530,37,64,502,65,781,841,5174,803,,,,,
R1101,SHA TIN DISTRICT,NEW TERRITORIES EAST,Sun Tin Wai Community Hall,483,325,690,27,40,561,49,454,333,2962,803,,,,,
R1201,SHA TIN DISTRICT,NEW TERRITORIES EAST,Kowloon City Baptist Church Hay Nien (Yan Ping) Primary School,879,578,1749,34,83,541,327,994,1054,6239,803,,,,,
R1301,SHA TIN DISTRICT,NEW TERRITORIES EAST,CUHK FAA Thomas Cheung School,271,183,573,9,40,143,31,333,226,1809,803,,,,,
R1302,SHA TIN DISTRICT,NEW TERRITORIES EAST,Hin Keng Sports Centre,581,534,1175,41,68,461,67,745,577,4249,803,,,,,
R1401,SHA TIN DISTRICT,NEW TERRITORIES EAST,Mei Tin Community Hall,543,438,942,34,84,525,63,671,802,4102,803,,,,,
R1501,SHA TIN DISTRICT,NEW TERRITORIES EAST,GCCITKD Lau Pak Lok Secondary School,434,365,877,14,47,186,32,479,546,2980,803,,,,,
R1601,SHA TIN DISTRICT,NEW TERRITORIES EAST,Hin Keng Neighbourhood Community Centre,1017,623,1522,41,92,614,88,980,998,5975,803,,,,,
R1602,SHA TIN DISTRICT,NEW TERRITORIES EAST,Choi Jun School,136,169,292,5,13,61,5,125,217,1023,803,,,,,
R1701,SHA TIN DISTRICT,NEW TERRITORIES EAST,Lung Hang Estate Community Centre,640,436,1024,38,55,480,84,764,757,4278,803,,,,,
R1801,SHA TIN DISTRICT,NEW TERRITORIES EAST,GCCITKD Cheong Wong Wai Primary School,718,481,1189,27,80,502,274,794,900,4965,803,,,,,
R1901,SHA TIN DISTRICT,NEW TERRITORIES EAST,Buddhist Wong Wan Tin College,740,359,1341,39,72,485,85,795,1836,5752,809,,,,,
R1902,SHA TIN DISTRICT,NEW TERRITORIES EAST,Tai Wai Village Office,138,90,292,7,16,82,13,141,187,966,803,,,,,
R2001,SHA TIN DISTRICT,NEW TERRITORIES EAST,Lock Tao Secondary School,513,373,1075,28,60,280,55,667,796,3847,803,,,,,
R2002,SHA TIN DISTRICT,NEW TERRITORIES EAST,ELCHK Shatin Lutheran Kindergarten,60,74,123,2,9,25,9,74,111,487,803,,,,,
R2101,SHA TIN DISTRICT,NEW TERRITORIES EAST,PLK Siu Hon Sum Primary School,675,472,1308,31,95,237,52,753,936,4559,803,,,,,
R2201,SHA TIN DISTRICT,NEW TERRITORIES EAST,Jockey Club Ti-I College,600,479,1152,21,66,257,40,648,888,4151,803,,,,,
R2301,SHA TIN DISTRICT,NEW TERRITORIES EAST,"John Fulton Centre, The Chinese University of Hong Kong",99,103,195,1,11,52,10,116,159,746,803,,,,,
R2302,SHA TIN DISTRICT,NEW TERRITORIES EAST,Yan Oi Tong H.K. Toi Shan Association Elderly Centre,370,333,664,9,42,129,19,321,444,2331,803,,,,,
R2401,SHA TIN DISTRICT,NEW TERRITORIES EAST,Christian Alliance Toi Shan H. C. Chan Primary School,815,503,1653,46,90,368,80,1005,1642,6202,803,,,,,
R2501,SHA TIN DISTRICT,NEW TERRITORIES EAST,CUHKFAA Chan Chun Ha Secondary School,1007,590,1744,41,121,457,84,1127,1614,6785,803,,,,,
R2601,SHA TIN DISTRICT,NEW TERRITORIES EAST,Hong Kong Taoist Association Shun Yeung Primary School ,767,610,1518,49,65,397,44,901,833,5184,803,,,,,
R2801,SHA TIN DISTRICT,NEW TERRITORIES EAST,Caritas Ma On Shan Secondary School,1249,716,2073,57,110,617,101,1251,1361,7535,803,,,,,
R2901,SHA TIN DISTRICT,NEW TERRITORIES EAST,Lee On Community Hall,1236,779,2306,46,114,633,101,1327,1505,8047,803,,,,,
R3001,SHA TIN DISTRICT,NEW TERRITORIES EAST,Ng Clan's Association Tai Pak Memorial School,611,368,1085,20,61,373,36,635,782,3971,803,,,,,
R3002,SHA TIN DISTRICT,NEW TERRITORIES EAST,TWGHs Wong Fung Ling College,341,239,681,16,26,121,21,381,380,2206,803,,,,,
R3101,SHA TIN DISTRICT,NEW TERRITORIES EAST,PLK Chong Kee Ting Primary School,883,523,1938,48,115,502,97,1201,1712,7019,803,,,,,
R3201,SHA TIN DISTRICT,NEW TERRITORIES EAST,Ma On Shan St. Joseph's Primary School,607,401,1294,33,66,698,61,722,627,4509,803,,,,,
R3202,SHA TIN DISTRICT,NEW TERRITORIES EAST,Heng On Estate Community Centre,436,272,887,16,46,411,49,510,481,3108,803,,,,,
R3301,SHA TIN DISTRICT,NEW TERRITORIES EAST,Tak Sun Secondary School,924,554,1573,27,84,271,87,938,1242,5700,803,,,,,
R3401,SHA TIN DISTRICT,NEW TERRITORIES EAST,SKH Ma On Shan Holy Spirit Primary School,807,567,1533,31,93,368,78,985,1182,5644,803,,,,,
R3402,SHA TIN DISTRICT,NEW TERRITORIES EAST,The ELCHK Ma On Shan Lutheran Primary School,147,121,289,13,21,167,22,166,354,1300,809,,,,,
R3501,SHA TIN DISTRICT,NEW TERRITORIES EAST,Lam Tai Fai College,824,582,1532,38,104,357,74,952,921,5384,803,,,,,
R3601,SHA TIN DISTRICT,NEW TERRITORIES EAST,Leung Kui Kau Lutheran Primary School,649,415,1077,27,61,194,36,605,736,3800,803,,,,,
R3602,SHA TIN DISTRICT,NEW TERRITORIES EAST,Hong Kong Baptist University Affiliated School Wong Kam Fai Secondary and Primary School,124,111,187,12,19,99,9,165,433,1159,809,,,,,
R3701,SHA TIN DISTRICT,NEW TERRITORIES EAST,LKWFSL Wong Yiu Nam Primary School,789,534,1583,31,94,365,71,951,1252,5670,803,,,,,
R3801,SHA TIN DISTRICT,NEW TERRITORIES EAST,Kwong Yuen Community Hall,603,436,1211,53,91,440,81,896,832,4643,803,,,,,
